date,temperature,rainfall,humidity,source
2021-06-02,21.1,0,83,open-meteo-archive
2021-06-03,21.7,0.1,82,open-meteo-archive
2021-06-04,21.8,1.1,83,open-meteo-archive
2021-06-05,22.5,0.3,82,open-meteo-archive
2021-06-06,22.2,2.5,86,open-meteo-archive
2021-06-07,23,0.7,80,open-meteo-archive
2021-06-08,22.6,7.9,83,open-meteo-archive
2021-06-09,22.6,2.6,86,open-meteo-archive
2021-06-10,21.8,6.3,89,open-meteo-archive
2021-06-11,21.8,51.8,91,open-meteo-archive
2021-06-12,21,15.5,93,open-meteo-archive
2021-06-13,21.7,8.9,91,open-meteo-archive
2021-06-14,22,30.2,90,open-meteo-archive
2021-06-15,21.1,32.4,94,open-meteo-archive
2021-06-16,21.3,54.1,93,open-meteo-archive
2021-06-17,21.5,43.6,91,open-meteo-archive
2021-06-18,22.2,39.9,89,open-meteo-archive
2021-06-19,21.3,17.3,88,open-meteo-archive
2021-06-20,21,14,92,open-meteo-archive
2021-06-21,22.8,1.3,84,open-meteo-archive
2021-06-22,22.8,40.1,88,open-meteo-archive
2021-06-23,22.3,39.8,93,open-meteo-archive
2021-06-24,21.8,62.2,93,open-meteo-archive
2021-06-25,22.3,91.3,90,open-meteo-archive
2021-06-26,21.6,34.2,92,open-meteo-archive
2021-06-27,22.4,41.2,91,open-meteo-archive
2021-06-28,22.2,6,91,open-meteo-archive
2021-06-29,23,28,91,open-meteo-archive
2021-06-30,22.1,115.7,97,open-meteo-archive
2021-07-01,21.4,108,95,open-meteo-archive
2021-07-02,20,125.3,95,open-meteo-archive
2021-07-03,21.5,19.1,89,open-meteo-archive
2021-07-04,22,21.1,92,open-meteo-archive
2021-07-05,22.2,48.1,92,open-meteo-archive
2021-07-06,23.2,7.5,92,open-meteo-archive
2021-07-07,23.2,29.2,90,open-meteo-archive
2021-07-08,21.9,17.9,92,open-meteo-archive
2021-07-09,22.8,65.1,90,open-meteo-archive
2021-07-10,22.8,80.8,94,open-meteo-archive
2021-07-11,22,61.7,93,open-meteo-archive
2021-07-12,22.8,8.5,89,open-meteo-archive
2021-07-13,22.8,49.6,89,open-meteo-archive
2021-07-14,22.7,73.9,90,open-meteo-archive
2021-07-15,21.6,24.3,95,open-meteo-archive
2021-07-16,22.1,2.7,91,open-meteo-archive
2021-07-17,22.3,34.2,91,open-meteo-archive
2021-07-18,22.3,7.2,91,open-meteo-archive
2021-07-19,22.4,20.9,93,open-meteo-archive
2021-07-20,22.5,43.8,93,open-meteo-archive
2021-07-21,22.6,69.4,91,open-meteo-archive
2021-07-22,23.3,7.5,88,open-meteo-archive
2021-07-23,22.7,30.3,91,open-meteo-archive
2021-07-24,23.3,51.4,92,open-meteo-archive
2021-07-25,23.1,64.6,97,open-meteo-archive
2021-07-26,22.6,13.9,95,open-meteo-archive
2021-07-27,23,20.2,90,open-meteo-archive
2021-07-28,22.9,45.1,92,open-meteo-archive
2021-07-29,22.9,32.1,90,open-meteo-archive
2021-07-30,22.7,31.8,90,open-meteo-archive
2021-07-31,23.1,12.7,89,open-meteo-archive
2021-08-01,23.2,20.7,88,open-meteo-archive
2021-08-02,22.7,35.6,91,open-meteo-archive
2021-08-03,23,49.4,90,open-meteo-archive
2021-08-04,22.7,37,93,open-meteo-archive
2021-08-05,22.3,19.1,91,open-meteo-archive
2021-08-06,23.1,18.2,88,open-meteo-archive
2021-08-07,22.8,66.4,95,open-meteo-archive
2021-08-08,22.5,9.5,91,open-meteo-archive
2021-08-09,22.8,11.2,91,open-meteo-archive
2021-08-10,23.2,3.7,89,open-meteo-archive
2021-08-11,23,106,92,open-meteo-archive
2021-08-12,23.2,18.8,91,open-meteo-archive
2021-08-13,22.7,5.8,91,open-meteo-archive
2021-08-14,21.8,59.6,94,open-meteo-archive
2021-08-15,21.5,17.4,96,open-meteo-archive
2021-08-16,23,32.7,89,open-meteo-archive
2021-08-17,22.6,45.4,91,open-meteo-archive
2021-08-18,22.5,78.1,92,open-meteo-archive
2021-08-19,22.9,12,90,open-meteo-archive
2021-08-20,22.7,25.4,92,open-meteo-archive
2021-08-21,22.2,25.4,92,open-meteo-archive
2021-08-22,21.5,12.4,94,open-meteo-archive
2021-08-23,21.2,11.4,96,open-meteo-archive
2021-08-24,21.6,18.4,93,open-meteo-archive
2021-08-25,21.6,36.7,95,open-meteo-archive
2021-08-26,22.3,47,93,open-meteo-archive
2021-08-27,21.5,11.2,91,open-meteo-archive
2021-08-28,21.1,35.4,93,open-meteo-archive
2021-08-29,20.8,16.9,93,open-meteo-archive
2021-08-30,21.1,19.4,92,open-meteo-archive
2021-08-31,21.7,12.1,91,open-meteo-archive
2021-09-01,22,2.4,90,open-meteo-archive
2021-09-02,21.7,12.2,92,open-meteo-archive
2021-09-03,21.1,5.1,93,open-meteo-archive
2021-09-04,22.4,5.1,90,open-meteo-archive
2021-09-05,22.5,2.9,90,open-meteo-archive
2021-09-06,22.2,34.8,91,open-meteo-archive
2021-09-07,22,10.2,90,open-meteo-archive
2021-09-08,21.5,14.3,90,open-meteo-archive
2021-09-09,21,15.7,94,open-meteo-archive
2021-09-10,21.3,12.2,91,open-meteo-archive
2021-09-11,21.7,21.3,89,open-meteo-archive
2021-09-12,21.8,15.4,90,open-meteo-archive
2021-09-13,21.6,15.3,90,open-meteo-archive
2021-09-14,22.4,9.2,85,open-meteo-archive
2021-09-15,20.7,14.5,91,open-meteo-archive
2021-09-16,20.8,8.7,91,open-meteo-archive
2021-09-17,20.6,12.9,94,open-meteo-archive
2021-09-18,21.8,2.5,88,open-meteo-archive
2021-09-19,22.5,1.8,88,open-meteo-archive
2021-09-20,21.9,32.3,90,open-meteo-archive
2021-09-21,21.4,22.1,91,open-meteo-archive
2021-09-22,20.7,27,93,open-meteo-archive
2021-09-23,20.8,22.6,91,open-meteo-archive
2021-09-24,21.6,12.4,90,open-meteo-archive
2021-09-25,20.8,18.6,91,open-meteo-archive
2021-09-26,21.2,6.2,88,open-meteo-archive
2021-09-27,21,27.5,90,open-meteo-archive
2021-09-28,20.4,28.8,91,open-meteo-archive
2021-09-29,20.4,20.1,93,open-meteo-archive
2021-09-30,20.6,29.3,90,open-meteo-archive
2021-10-01,20.9,1.6,87,open-meteo-archive
2021-10-02,20.1,6.4,89,open-meteo-archive
2021-10-03,20.8,1.5,88,open-meteo-archive
2021-10-04,20.9,22.1,89,open-meteo-archive
2021-10-05,20.7,1.6,90,open-meteo-archive
2021-10-06,20.4,2,91,open-meteo-archive
2021-10-07,20.4,1.8,90,open-meteo-archive
2021-10-08,20.5,0.2,90,open-meteo-archive
2021-10-09,20.5,4,90,open-meteo-archive
2021-10-10,20.4,0.6,89,open-meteo-archive
2021-10-11,20.7,1,86,open-meteo-archive
2021-10-12,21.4,0.6,83,open-meteo-archive
2021-10-13,21.9,0,77,open-meteo-archive
2021-10-14,21.8,0,76,open-meteo-archive
2021-10-15,22.2,0,74,open-meteo-archive
2021-10-16,21.2,1.9,84,open-meteo-archive
2021-10-17,21,14.2,88,open-meteo-archive
2021-10-18,19.7,15.7,93,open-meteo-archive
2021-10-19,18.7,66.1,94,open-meteo-archive
2021-10-20,18.8,76.3,93,open-meteo-archive
2021-10-21,18.4,2.3,93,open-meteo-archive
2021-10-22,19.1,1.4,87,open-meteo-archive
2021-10-23,17.1,14.6,93,open-meteo-archive
2021-10-24,16.5,7.2,91,open-meteo-archive
2021-10-25,16.5,3.3,87,open-meteo-archive
2021-10-26,16.3,2.1,84,open-meteo-archive
2021-10-27,16.6,0.8,79,open-meteo-archive
2021-10-28,16.4,1.7,80,open-meteo-archive
2021-10-29,16.8,0,79,open-meteo-archive
2021-10-30,15.7,0,79,open-meteo-archive
2021-10-31,15.6,0,82,open-meteo-archive
2021-11-01,15.6,1.2,83,open-meteo-archive
2021-11-02,14.3,0.3,84,open-meteo-archive
2021-11-03,15.1,0.1,80,open-meteo-archive
2021-11-04,14,0,80,open-meteo-archive
2021-11-05,14.2,0,77,open-meteo-archive
2021-11-06,13.8,0,82,open-meteo-archive
2021-11-07,14.3,0,78,open-meteo-archive
2021-11-08,15.5,0,73,open-meteo-archive
2021-11-09,15.9,0,72,open-meteo-archive
2021-11-10,15.3,0,72,open-meteo-archive
2021-11-11,15,0,72,open-meteo-archive
2021-11-12,14.8,0,71,open-meteo-archive
2021-11-13,13.3,0,77,open-meteo-archive
2021-11-14,13.9,0,80,open-meteo-archive
2021-11-15,13.2,0,78,open-meteo-archive
2021-11-16,13.1,0,76,open-meteo-archive
2021-11-17,13.3,0,76,open-meteo-archive
2021-11-18,15.2,0,72,open-meteo-archive
2021-11-19,14,0,81,open-meteo-archive
2021-11-20,14.4,0.1,75,open-meteo-archive
2021-11-21,14.5,0,75,open-meteo-archive
2021-11-22,13.8,0,80,open-meteo-archive
2021-11-23,13.5,0,80,open-meteo-archive
2021-11-24,13.1,0.1,87,open-meteo-archive
2021-11-25,13,0.1,86,open-meteo-archive
2021-11-26,12.5,0.5,88,open-meteo-archive
2021-11-27,13.3,0,76,open-meteo-archive
2021-11-28,13.7,0,70,open-meteo-archive
2021-11-29,12.3,0,69,open-meteo-archive
2021-11-30,12.7,0,71,open-meteo-archive
2021-12-01,14.1,0,64,open-meteo-archive
2021-12-02,14.4,0,69,open-meteo-archive
2021-12-03,13.7,0.4,81,open-meteo-archive
2021-12-04,14.4,0.1,81,open-meteo-archive
2021-12-05,13.9,0,84,open-meteo-archive
2021-12-06,13.8,2,83,open-meteo-archive
2021-12-07,13.9,0,67,open-meteo-archive
2021-12-08,12.9,0,69,open-meteo-archive
2021-12-09,12.6,0,67,open-meteo-archive
2021-12-10,11.5,0,69,open-meteo-archive
2021-12-11,11.2,0,73,open-meteo-archive
2021-12-12,10.2,0,78,open-meteo-archive
2021-12-13,11,0,66,open-meteo-archive
2021-12-14,11.4,0,72,open-meteo-archive
2021-12-15,9.5,0,80,open-meteo-archive
2021-12-16,10.2,0,68,open-meteo-archive
2021-12-17,10.9,0,66,open-meteo-archive
2021-12-18,9.7,0,72,open-meteo-archive
2021-12-19,10.4,0.9,70,open-meteo-archive
2021-12-20,10.2,0,59,open-meteo-archive
2021-12-21,11.2,0,54,open-meteo-archive
2021-12-22,11.1,0,57,open-meteo-archive
2021-12-23,10.4,0,59,open-meteo-archive
2021-12-24,9.6,0.1,71,open-meteo-archive
2021-12-25,8.2,0.2,83,open-meteo-archive
2021-12-26,8.6,0.2,84,open-meteo-archive
2021-12-27,9.2,0.1,80,open-meteo-archive
2021-12-28,10.2,4.6,79,open-meteo-archive
2021-12-29,7.9,11.9,90,open-meteo-archive
2021-12-30,7.4,1,89,open-meteo-archive
2021-12-31,8.9,0,78,open-meteo-archive
2022-01-01,9.4,0,79,open-meteo-archive
2022-01-02,9.6,0,78,open-meteo-archive
2022-01-03,10.2,0,73,open-meteo-archive
2022-01-04,10.5,0,73,open-meteo-archive
2022-01-05,10.7,1.3,78,open-meteo-archive
2022-01-06,11.6,0.4,81,open-meteo-archive
2022-01-07,12,0.2,79,open-meteo-archive
2022-01-08,11.8,2,78,open-meteo-archive
2022-01-09,12.4,0.2,77,open-meteo-archive
2022-01-10,10.5,5.8,82,open-meteo-archive
2022-01-11,10.7,2.8,80,open-meteo-archive
2022-01-12,8.7,9.2,86,open-meteo-archive
2022-01-13,5.8,0,78,open-meteo-archive
2022-01-14,7,0,81,open-meteo-archive
2022-01-15,7.5,0.1,86,open-meteo-archive
2022-01-16,9.3,0,73,open-meteo-archive
2022-01-17,10.7,0,70,open-meteo-archive
2022-01-18,10.4,0,67,open-meteo-archive
2022-01-19,10.2,0,69,open-meteo-archive
2022-01-20,8.6,1.6,82,open-meteo-archive
2022-01-21,7.7,2.2,86,open-meteo-archive
2022-01-22,8,0.5,80,open-meteo-archive
2022-01-23,8.8,1.5,83,open-meteo-archive
2022-01-24,8.5,0.1,79,open-meteo-archive
2022-01-25,8.7,1,77,open-meteo-archive
2022-01-26,7.7,2.6,83,open-meteo-archive
2022-01-27,6.5,0,84,open-meteo-archive
2022-01-28,7.2,0,79,open-meteo-archive
2022-01-29,7.4,0,83,open-meteo-archive
2022-01-30,9.4,0,79,open-meteo-archive
2022-01-31,9.6,0,86,open-meteo-archive
2022-02-01,6.7,0.1,85,open-meteo-archive
2022-02-02,8.2,0.4,84,open-meteo-archive
2022-02-03,9.4,7.2,82,open-meteo-archive
2022-02-04,6.6,31.1,90,open-meteo-archive
2022-02-05,5.7,2.1,86,open-meteo-archive
2022-02-06,7.3,0,82,open-meteo-archive
2022-02-07,9.6,0,83,open-meteo-archive
2022-02-08,8.9,0,85,open-meteo-archive
2022-02-09,8.9,1,75,open-meteo-archive
2022-02-10,10.1,0.3,74,open-meteo-archive
2022-02-11,8.5,1,79,open-meteo-archive
2022-02-12,9.5,0,78,open-meteo-archive
2022-02-13,9.2,0,85,open-meteo-archive
2022-02-14,10.5,0,81,open-meteo-archive
2022-02-15,11.8,0.5,75,open-meteo-archive
2022-02-16,11.4,0.3,71,open-meteo-archive
2022-02-17,11.7,0,67,open-meteo-archive
2022-02-18,10.9,0,78,open-meteo-archive
2022-02-19,10.1,0.1,73,open-meteo-archive
2022-02-20,8,2.9,82,open-meteo-archive
2022-02-21,8.4,0.7,81,open-meteo-archive
2022-02-22,10.2,0.1,77,open-meteo-archive
2022-02-23,12,0,74,open-meteo-archive
2022-02-24,13.3,3.6,70,open-meteo-archive
2022-02-25,9.9,5.3,85,open-meteo-archive
2022-02-26,12.8,0.6,62,open-meteo-archive
2022-02-27,13.9,1.9,58,open-meteo-archive
2022-02-28,13.4,0,65,open-meteo-archive
2022-03-01,13.3,0,66,open-meteo-archive
2022-03-02,14,0.8,66,open-meteo-archive
2022-03-03,14.8,0,66,open-meteo-archive
2022-03-04,13.7,0,62,open-meteo-archive
2022-03-05,13.7,0.1,67,open-meteo-archive
2022-03-06,15.2,0,71,open-meteo-archive
2022-03-07,16.8,0,67,open-meteo-archive
2022-03-08,17.4,0,61,open-meteo-archive
2022-03-09,18,0.1,58,open-meteo-archive
2022-03-10,16.9,0.5,65,open-meteo-archive
2022-03-11,16.9,2.6,64,open-meteo-archive
2022-03-12,18.4,0.3,54,open-meteo-archive
2022-03-13,18.1,0,56,open-meteo-archive
2022-03-14,19.2,0,63,open-meteo-archive
2022-03-15,20,0,64,open-meteo-archive
2022-03-16,18.3,4.6,78,open-meteo-archive
2022-03-17,19.4,0,69,open-meteo-archive
2022-03-18,20.6,0,69,open-meteo-archive
2022-03-19,21.7,0,59,open-meteo-archive
2022-03-20,21,0,58,open-meteo-archive
2022-03-21,19.5,0,59,open-meteo-archive
2022-03-22,18.8,0.2,67,open-meteo-archive
2022-03-23,17.2,4.1,83,open-meteo-archive
2022-03-24,16.9,2.4,77,open-meteo-archive
2022-03-25,19,0,53,open-meteo-archive
2022-03-26,18.9,0,57,open-meteo-archive
2022-03-27,19.2,0,63,open-meteo-archive
2022-03-28,19.2,0.2,71,open-meteo-archive
2022-03-29,19.3,1.3,78,open-meteo-archive
2022-03-30,18.3,4.1,89,open-meteo-archive
2022-03-31,17.9,14.5,93,open-meteo-archive
2022-04-01,19.7,2.1,85,open-meteo-archive
2022-04-02,18.3,6,89,open-meteo-archive
2022-04-03,19,0.7,82,open-meteo-archive
2022-04-04,20.5,0.6,71,open-meteo-archive
2022-04-05,20.4,0,70,open-meteo-archive
2022-04-06,20.8,0,68,open-meteo-archive
2022-04-07,19.1,3.7,83,open-meteo-archive
2022-04-08,18.8,3,82,open-meteo-archive
2022-04-09,18.8,7.1,83,open-meteo-archive
2022-04-10,18.2,5.6,83,open-meteo-archive
2022-04-11,20,0.1,83,open-meteo-archive
2022-04-12,19.3,3.6,90,open-meteo-archive
2022-04-13,19.6,8.2,86,open-meteo-archive
2022-04-14,20.8,0,57,open-meteo-archive
2022-04-15,20.6,0,49,open-meteo-archive
2022-04-16,20.7,0,41,open-meteo-archive
2022-04-17,21.8,0,38,open-meteo-archive
2022-04-18,21.8,0,56,open-meteo-archive
2022-04-19,20.2,2.2,72,open-meteo-archive
2022-04-20,19,6.8,85,open-meteo-archive
2022-04-21,19.3,2.3,82,open-meteo-archive
2022-04-22,18.8,4.3,80,open-meteo-archive
2022-04-23,20.4,0,63,open-meteo-archive
2022-04-24,21.5,0.2,50,open-meteo-archive
2022-04-25,21.8,0,55,open-meteo-archive
2022-04-26,21.2,0,51,open-meteo-archive
2022-04-27,21.8,0,53,open-meteo-archive
2022-04-28,21.4,1.7,67,open-meteo-archive
2022-04-29,20.1,0.5,74,open-meteo-archive
2022-04-30,18.6,34.7,86,open-meteo-archive
2022-05-01,17.8,26.2,88,open-meteo-archive
2022-05-02,18.3,4.6,82,open-meteo-archive
2022-05-03,20,8.9,77,open-meteo-archive
2022-05-04,18.7,4.9,89,open-meteo-archive
2022-05-05,18.7,18.7,88,open-meteo-archive
2022-05-06,18.6,17.5,87,open-meteo-archive
2022-05-07,19.1,12.8,86,open-meteo-archive
2022-05-08,19.5,3.6,84,open-meteo-archive
2022-05-09,20,0.6,81,open-meteo-archive
2022-05-10,20.8,3.8,81,open-meteo-archive
2022-05-11,20.6,1.1,84,open-meteo-archive
2022-05-12,21.3,3,84,open-meteo-archive
2022-05-13,20.6,4.9,89,open-meteo-archive
2022-05-14,21.4,4,86,open-meteo-archive
2022-05-15,21,25.1,90,open-meteo-archive
2022-05-16,21.1,6.9,87,open-meteo-archive
2022-05-17,21.8,2.2,79,open-meteo-archive
2022-05-18,21.6,3,73,open-meteo-archive
2022-05-19,21.1,3,75,open-meteo-archive
2022-05-20,20.5,23.8,83,open-meteo-archive
2022-05-21,19.9,9,86,open-meteo-archive
2022-05-22,19.1,5.1,83,open-meteo-archive
2022-05-23,18.8,7.3,81,open-meteo-archive
2022-05-24,19.5,7.9,81,open-meteo-archive
2022-05-25,18.3,7,84,open-meteo-archive
2022-05-26,19,5.6,80,open-meteo-archive
2022-05-27,20.3,2.6,80,open-meteo-archive
2022-05-28,19.9,3.4,87,open-meteo-archive
2022-05-29,20.5,17.9,89,open-meteo-archive
2022-05-30,20.7,11.8,89,open-meteo-archive
2022-05-31,21,2.2,87,open-meteo-archive
2022-06-01,21.3,2.6,87,open-meteo-archive
2022-06-02,21.5,2.4,88,open-meteo-archive
2022-06-03,21.8,1.2,86,open-meteo-archive
2022-06-04,21.9,3.7,84,open-meteo-archive
2022-06-05,21.6,4.6,88,open-meteo-archive
2022-06-06,21.9,10.7,88,open-meteo-archive
2022-06-07,21.8,13.1,89,open-meteo-archive
2022-06-08,21.6,9.6,90,open-meteo-archive
2022-06-09,21.8,23.2,89,open-meteo-archive
2022-06-10,22.4,11.5,85,open-meteo-archive
2022-06-11,22.2,2.3,87,open-meteo-archive
2022-06-12,22,8.2,88,open-meteo-archive
2022-06-13,22.1,8.2,88,open-meteo-archive
2022-06-14,22.3,12,89,open-meteo-archive
2022-06-15,21.6,16.2,90,open-meteo-archive
2022-06-16,21.7,29.3,88,open-meteo-archive
2022-06-17,21.6,9.6,87,open-meteo-archive
2022-06-18,21.4,30.3,88,open-meteo-archive
2022-06-19,21.6,3,87,open-meteo-archive
2022-06-20,21.7,5.5,87,open-meteo-archive
2022-06-21,21.6,2.5,88,open-meteo-archive
2022-06-22,22,4.6,87,open-meteo-archive
2022-06-23,22.5,8.3,88,open-meteo-archive
2022-06-24,22.7,21.3,87,open-meteo-archive
2022-06-25,22.4,24.4,90,open-meteo-archive
2022-06-26,22.6,18.2,89,open-meteo-archive
2022-06-27,22.3,6.7,91,open-meteo-archive
2022-06-28,22.4,66.3,91,open-meteo-archive
2022-06-29,20.8,52,96,open-meteo-archive
2022-06-30,22,7.8,89,open-meteo-archive
2022-07-01,23,9.1,87,open-meteo-archive
2022-07-02,22.2,20.1,90,open-meteo-archive
2022-07-03,22.5,12.7,89,open-meteo-archive
2022-07-04,23.6,12.1,86,open-meteo-archive
2022-07-05,23.4,8.4,89,open-meteo-archive
2022-07-06,23.4,20.1,89,open-meteo-archive
2022-07-07,23.7,7.4,87,open-meteo-archive
2022-07-08,23.2,17.1,88,open-meteo-archive
2022-07-09,22.2,22.9,90,open-meteo-archive
2022-07-10,22.4,21,87,open-meteo-archive
2022-07-11,22.9,33.5,86,open-meteo-archive
2022-07-12,22.5,16.3,89,open-meteo-archive
2022-07-13,23.1,5.5,86,open-meteo-archive
2022-07-14,23,18.4,86,open-meteo-archive
2022-07-15,23.4,12.3,84,open-meteo-archive
2022-07-16,23.2,20.5,87,open-meteo-archive
2022-07-17,23.8,18.4,85,open-meteo-archive
2022-07-18,23.3,40.7,89,open-meteo-archive
2022-07-19,23,11.9,90,open-meteo-archive
2022-07-20,22.5,40.9,91,open-meteo-archive
2022-07-21,22,19.6,94,open-meteo-archive
2022-07-22,22.8,16.4,88,open-meteo-archive
2022-07-23,23.3,18,86,open-meteo-archive
2022-07-24,21.9,20.7,90,open-meteo-archive
2022-07-25,22.2,13.2,87,open-meteo-archive
2022-07-26,21.9,28.5,91,open-meteo-archive
2022-07-27,22.3,20.2,89,open-meteo-archive
2022-07-28,22.2,3.6,88,open-meteo-archive
2022-07-29,22.2,18.3,91,open-meteo-archive
2022-07-30,22.2,20.4,90,open-meteo-archive
2022-07-31,21.9,32.2,93,open-meteo-archive
2022-08-01,22,30.8,92,open-meteo-archive
2022-08-02,21.7,32.8,93,open-meteo-archive
2022-08-03,22.3,23.7,91,open-meteo-archive
2022-08-04,22.6,11.9,89,open-meteo-archive
2022-08-05,23,14.5,87,open-meteo-archive
2022-08-06,23,23.1,87,open-meteo-archive
2022-08-07,22.6,20.4,89,open-meteo-archive
2022-08-08,23.1,7.5,88,open-meteo-archive
2022-08-09,23.9,15.8,85,open-meteo-archive
2022-08-10,23.3,35.1,87,open-meteo-archive
2022-08-11,22.9,15.5,85,open-meteo-archive
2022-08-12,23.2,2.6,86,open-meteo-archive
2022-08-13,23.3,18.3,87,open-meteo-archive
2022-08-14,22,11.6,91,open-meteo-archive
2022-08-15,22.5,8.3,87,open-meteo-archive
2022-08-16,22.3,5.1,89,open-meteo-archive
2022-08-17,22.1,1.5,90,open-meteo-archive
2022-08-18,23.2,7.1,88,open-meteo-archive
2022-08-19,22.1,39.5,90,open-meteo-archive
2022-08-20,22.4,25.5,87,open-meteo-archive
2022-08-21,22.5,2.1,86,open-meteo-archive
2022-08-22,22.6,1.8,86,open-meteo-archive
2022-08-23,22.7,18,88,open-meteo-archive
2022-08-24,22.3,17.5,88,open-meteo-archive
2022-08-25,23.5,4.3,86,open-meteo-archive
2022-08-26,22.3,7.2,91,open-meteo-archive
2022-08-27,22.1,20.8,92,open-meteo-archive
2022-08-28,21,13.8,94,open-meteo-archive
2022-08-29,22,10.4,91,open-meteo-archive
2022-08-30,22.1,3.2,90,open-meteo-archive
2022-08-31,21.8,16,91,open-meteo-archive
2022-09-01,21.2,51.8,94,open-meteo-archive
2022-09-02,21.7,4.2,93,open-meteo-archive
2022-09-03,22.2,11.3,89,open-meteo-archive
2022-09-04,22,2.7,91,open-meteo-archive
2022-09-05,22,9.4,90,open-meteo-archive
2022-09-06,22.2,7.2,89,open-meteo-archive
2022-09-07,21.4,8.8,90,open-meteo-archive
2022-09-08,21.3,16.4,91,open-meteo-archive
2022-09-09,21.3,27.4,89,open-meteo-archive
2022-09-10,21.2,11.5,90,open-meteo-archive
2022-09-11,21.1,20.2,90,open-meteo-archive
2022-09-12,21.7,10.2,88,open-meteo-archive
2022-09-13,21.4,4.5,88,open-meteo-archive
2022-09-14,21.4,27.9,89,open-meteo-archive
2022-09-15,21.4,7.2,89,open-meteo-archive
2022-09-16,20.9,13.7,90,open-meteo-archive
2022-09-17,20.7,12.1,92,open-meteo-archive
2022-09-18,20.8,8,91,open-meteo-archive
2022-09-19,21.8,9.8,88,open-meteo-archive
2022-09-20,21.8,18.5,88,open-meteo-archive
2022-09-21,21.4,7.5,89,open-meteo-archive
2022-09-22,21.7,10.9,87,open-meteo-archive
2022-09-23,21.4,3.5,89,open-meteo-archive
2022-09-24,20.5,5.1,91,open-meteo-archive
2022-09-25,20.3,1.9,90,open-meteo-archive
2022-09-26,20.2,3.7,92,open-meteo-archive
2022-09-27,19.9,1.5,91,open-meteo-archive
2022-09-28,19.9,2.2,90,open-meteo-archive
2022-09-29,20.4,1.5,88,open-meteo-archive
2022-09-30,20.3,8.4,89,open-meteo-archive
2022-10-01,19.8,11.4,87,open-meteo-archive
2022-10-02,21.1,2.4,83,open-meteo-archive
2022-10-03,21.6,2.1,83,open-meteo-archive
2022-10-04,20.2,31.4,91,open-meteo-archive
2022-10-05,19.7,23.9,93,open-meteo-archive
2022-10-06,18.8,22.3,94,open-meteo-archive
2022-10-07,19.7,4.7,89,open-meteo-archive
2022-10-08,19.8,0.3,85,open-meteo-archive
2022-10-09,20.4,6.8,87,open-meteo-archive
2022-10-10,19.1,1.4,85,open-meteo-archive
2022-10-11,19.2,0.2,84,open-meteo-archive
2022-10-12,18.5,3.5,90,open-meteo-archive
2022-10-13,18.1,2.9,89,open-meteo-archive
2022-10-14,17.6,1,86,open-meteo-archive
2022-10-15,17.5,0.5,86,open-meteo-archive
2022-10-16,17.6,0,81,open-meteo-archive
2022-10-17,17.5,0,65,open-meteo-archive
2022-10-18,16.7,0,72,open-meteo-archive
2022-10-19,15.9,0.5,72,open-meteo-archive
2022-10-20,15.9,0,75,open-meteo-archive
2022-10-21,16.2,0.9,70,open-meteo-archive
2022-10-22,16.3,0.4,66,open-meteo-archive
2022-10-23,19,0,50,open-meteo-archive
2022-10-24,18.4,0,66,open-meteo-archive
2022-10-25,16.4,0,86,open-meteo-archive
2022-10-26,16.3,0,83,open-meteo-archive
2022-10-27,16.2,0.8,85,open-meteo-archive
2022-10-28,15.8,0,82,open-meteo-archive
2022-10-29,16.4,0.9,77,open-meteo-archive
2022-10-30,16.9,0,67,open-meteo-archive
2022-10-31,16.9,0,66,open-meteo-archive
2022-11-01,17,0,61,open-meteo-archive
2022-11-02,16.2,0,64,open-meteo-archive
2022-11-03,15.3,0,73,open-meteo-archive
2022-11-04,16.2,0,77,open-meteo-archive
2022-11-05,16.9,0.4,75,open-meteo-archive
2022-11-06,16.6,0,73,open-meteo-archive
2022-11-07,14.9,0,80,open-meteo-archive
2022-11-08,15.5,0,77,open-meteo-archive
2022-11-09,15.1,0.7,81,open-meteo-archive
2022-11-10,14.7,0.3,83,open-meteo-archive
2022-11-11,14.2,2.4,80,open-meteo-archive
2022-11-12,13.5,0,78,open-meteo-archive
2022-11-13,13.2,0,78,open-meteo-archive
2022-11-14,13.3,0,79,open-meteo-archive
2022-11-15,14.2,0,77,open-meteo-archive
2022-11-16,14.5,0,76,open-meteo-archive
2022-11-17,13.3,0.1,81,open-meteo-archive
2022-11-18,13.7,0.1,79,open-meteo-archive
2022-11-19,15,0,70,open-meteo-archive
2022-11-20,14.8,0,68,open-meteo-archive
2022-11-21,13.8,0,63,open-meteo-archive
2022-11-22,13.6,0,70,open-meteo-archive
2022-11-23,13.3,0,77,open-meteo-archive
2022-11-24,13.1,0,76,open-meteo-archive
2022-11-25,15,0,61,open-meteo-archive
2022-11-26,15.4,0,58,open-meteo-archive
2022-11-27,13.7,0,71,open-meteo-archive
2022-11-28,13.2,0,76,open-meteo-archive
2022-11-29,13.6,0,78,open-meteo-archive
2022-11-30,13.5,0,74,open-meteo-archive
2022-12-01,13.4,0,71,open-meteo-archive
2022-12-02,13.5,0,71,open-meteo-archive
2022-12-03,13.3,0,70,open-meteo-archive
2022-12-04,12.7,0,66,open-meteo-archive
2022-12-05,12.1,0,70,open-meteo-archive
2022-12-06,12.4,0,68,open-meteo-archive
2022-12-07,12.2,0,71,open-meteo-archive
2022-12-08,11.9,0,72,open-meteo-archive
2022-12-09,12.1,0,70,open-meteo-archive
2022-12-10,12,0,70,open-meteo-archive
2022-12-11,12.3,0,65,open-meteo-archive
2022-12-12,11.9,0,71,open-meteo-archive
2022-12-13,11.8,0,73,open-meteo-archive
2022-12-14,11.4,0,81,open-meteo-archive
2022-12-15,11.8,0,80,open-meteo-archive
2022-12-16,12.1,0,81,open-meteo-archive
2022-12-17,13.3,0.3,76,open-meteo-archive
2022-12-18,13.2,0,69,open-meteo-archive
2022-12-19,13.5,0,66,open-meteo-archive
2022-12-20,11.7,0,73,open-meteo-archive
2022-12-21,11.3,0,77,open-meteo-archive
2022-12-22,11.5,0,68,open-meteo-archive
2022-12-23,10.7,0,65,open-meteo-archive
2022-12-24,12.6,0,55,open-meteo-archive
2022-12-25,11.5,0,54,open-meteo-archive
2022-12-26,11,0,55,open-meteo-archive
2022-12-27,10.1,0,53,open-meteo-archive
2022-12-28,9.3,0,74,open-meteo-archive
2022-12-29,9,0,83,open-meteo-archive
2022-12-30,9.3,0,80,open-meteo-archive
2022-12-31,10.2,0.2,72,open-meteo-archive
2023-01-01,9.6,0,73,open-meteo-archive
2023-01-02,8.6,0,76,open-meteo-archive
2023-01-03,8.5,0,72,open-meteo-archive
2023-01-04,8.7,0,64,open-meteo-archive
2023-01-05,9.7,0,54,open-meteo-archive
2023-01-06,11,0,46,open-meteo-archive
2023-01-07,11.8,0,34,open-meteo-archive
2023-01-08,11.6,0,37,open-meteo-archive
2023-01-09,12.5,0,39,open-meteo-archive
2023-01-10,11.2,0,49,open-meteo-archive
2023-01-11,10.8,0,58,open-meteo-archive
2023-01-12,12.2,0,52,open-meteo-archive
2023-01-13,12.6,0,46,open-meteo-archive
2023-01-14,11.2,0,57,open-meteo-archive
2023-01-15,9.1,0,77,open-meteo-archive
2023-01-16,8,0,81,open-meteo-archive
2023-01-17,7.5,0,79,open-meteo-archive
2023-01-18,8,0,69,open-meteo-archive
2023-01-19,7.9,0,72,open-meteo-archive
2023-01-20,11.5,0,63,open-meteo-archive
2023-01-21,12.7,0,48,open-meteo-archive
2023-01-22,12.1,0,46,open-meteo-archive
2023-01-23,11.9,0,52,open-meteo-archive
2023-01-24,13.6,0,53,open-meteo-archive
2023-01-25,14.4,0,56,open-meteo-archive
2023-01-26,13.9,0,57,open-meteo-archive
2023-01-27,13.7,0,41,open-meteo-archive
2023-01-28,12.3,0,52,open-meteo-archive
2023-01-29,12.5,0,65,open-meteo-archive
2023-01-30,13.6,0,58,open-meteo-archive
2023-01-31,14.8,0,45,open-meteo-archive
2023-02-01,12.6,0,63,open-meteo-archive
2023-02-02,12.3,0,68,open-meteo-archive
2023-02-03,13,0,70,open-meteo-archive
2023-02-04,13.4,0.1,72,open-meteo-archive
2023-02-05,13.3,0,72,open-meteo-archive
2023-02-06,13,0,75,open-meteo-archive
2023-02-07,12.1,0.1,71,open-meteo-archive
2023-02-08,12.3,0,71,open-meteo-archive
2023-02-09,11.9,0.1,76,open-meteo-archive
2023-02-10,13.1,0,70,open-meteo-archive
2023-02-11,14.5,0,60,open-meteo-archive
2023-02-12,11.7,0,66,open-meteo-archive
2023-02-13,12.3,0,65,open-meteo-archive
2023-02-14,11.9,0,70,open-meteo-archive
2023-02-15,13.7,0,67,open-meteo-archive
2023-02-16,16.3,0,54,open-meteo-archive
2023-02-17,16,0,58,open-meteo-archive
2023-02-18,16.8,0,52,open-meteo-archive
2023-02-19,16,0,62,open-meteo-archive
2023-02-20,15.3,0,71,open-meteo-archive
2023-02-21,15.6,0,71,open-meteo-archive
2023-02-22,15.7,1.1,64,open-meteo-archive
2023-02-23,15.7,0,64,open-meteo-archive
2023-02-24,14.9,0,69,open-meteo-archive
2023-02-25,13.4,0.6,80,open-meteo-archive
2023-02-26,11.5,3,86,open-meteo-archive
2023-02-27,12.5,5.6,79,open-meteo-archive
2023-02-28,14.4,0.1,72,open-meteo-archive
2023-03-01,15,0.2,67,open-meteo-archive
2023-03-02,14.5,1.1,72,open-meteo-archive
2023-03-03,15.4,0.2,74,open-meteo-archive
2023-03-04,15.2,0.5,79,open-meteo-archive
2023-03-05,16.3,0.4,70,open-meteo-archive
2023-03-06,16.2,0,61,open-meteo-archive
2023-03-07,16.6,0,56,open-meteo-archive
2023-03-08,12.9,1.6,75,open-meteo-archive
2023-03-09,14.4,3.8,71,open-meteo-archive
2023-03-10,16.4,0,55,open-meteo-archive
2023-03-11,15.4,1.8,61,open-meteo-archive
2023-03-12,17.3,0,56,open-meteo-archive
2023-03-13,15.2,2.8,75,open-meteo-archive
2023-03-14,14.4,6.1,79,open-meteo-archive
2023-03-15,15.1,2.8,65,open-meteo-archive
2023-03-16,15.9,0,66,open-meteo-archive
2023-03-17,14.8,4,77,open-meteo-archive
2023-03-18,14.8,3.7,79,open-meteo-archive
2023-03-19,14,14.7,82,open-meteo-archive
2023-03-20,13.7,20.3,86,open-meteo-archive
2023-03-21,12.6,5.3,81,open-meteo-archive
2023-03-22,13.7,0.2,75,open-meteo-archive
2023-03-23,14.5,0.2,77,open-meteo-archive
2023-03-24,14.7,0.5,79,open-meteo-archive
2023-03-25,16.1,0,68,open-meteo-archive
2023-03-26,17.7,0,50,open-meteo-archive
2023-03-27,16.5,0.6,55,open-meteo-archive
2023-03-28,15.9,0.1,59,open-meteo-archive
2023-03-29,16.3,0.3,57,open-meteo-archive
2023-03-30,17,0,58,open-meteo-archive
2023-03-31,14.9,3.8,81,open-meteo-archive
2023-04-01,13.2,6.4,84,open-meteo-archive
2023-04-02,12.7,8.4,87,open-meteo-archive
2023-04-03,15.2,0.8,78,open-meteo-archive
2023-04-04,15.6,1.1,76,open-meteo-archive
2023-04-05,17,0,61,open-meteo-archive
2023-04-06,17.8,0,55,open-meteo-archive
2023-04-07,18,0,57,open-meteo-archive
2023-04-08,19.2,0,55,open-meteo-archive
2023-04-09,19.9,0,44,open-meteo-archive
2023-04-10,20.1,0.1,42,open-meteo-archive
2023-04-11,19.4,0,49,open-meteo-archive
2023-04-12,20.3,0,52,open-meteo-archive
2023-04-13,21,0,51,open-meteo-archive
2023-04-14,21.9,0,53,open-meteo-archive
2023-04-15,23.1,0.1,51,open-meteo-archive
2023-04-16,22.2,0,42,open-meteo-archive
2023-04-17,23,0,41,open-meteo-archive
2023-04-18,23.2,0,38,open-meteo-archive
2023-04-19,23.3,0,38,open-meteo-archive
2023-04-20,22.2,0,44,open-meteo-archive
2023-04-21,19.3,0.3,53,open-meteo-archive
2023-04-22,20.6,0,40,open-meteo-archive
2023-04-23,19,1.1,54,open-meteo-archive
2023-04-24,16.2,1.9,69,open-meteo-archive
2023-04-25,16.8,2,70,open-meteo-archive
2023-04-26,18.9,0,61,open-meteo-archive
2023-04-27,19.8,0.1,55,open-meteo-archive
2023-04-28,19.3,0.2,59,open-meteo-archive
2023-04-29,19.1,0.9,66,open-meteo-archive
2023-04-30,17.2,2.6,81,open-meteo-archive
2023-05-01,15.5,7,86,open-meteo-archive
2023-05-02,15.5,6.5,85,open-meteo-archive
2023-05-03,17.7,9.4,77,open-meteo-archive
2023-05-04,16.6,4.8,81,open-meteo-archive
2023-05-05,18.7,0,70,open-meteo-archive
2023-05-06,20.5,0.1,62,open-meteo-archive
2023-05-07,19.8,1.9,66,open-meteo-archive
2023-05-08,21.9,0,48,open-meteo-archive
2023-05-09,21.5,0,45,open-meteo-archive
2023-05-10,20.9,0,45,open-meteo-archive
2023-05-11,20.9,0,38,open-meteo-archive
2023-05-12,21.7,0.1,48,open-meteo-archive
2023-05-13,21.6,0,61,open-meteo-archive
2023-05-14,20.6,5.8,71,open-meteo-archive
2023-05-15,19.3,1.9,76,open-meteo-archive
2023-05-16,19.1,7.8,79,open-meteo-archive
2023-05-17,19.7,4.7,78,open-meteo-archive
2023-05-18,19.6,2.1,82,open-meteo-archive
2023-05-19,20,0.6,75,open-meteo-archive
2023-05-20,19.8,5.2,75,open-meteo-archive
2023-05-21,20.6,1.6,70,open-meteo-archive
2023-05-22,21.7,1.3,74,open-meteo-archive
2023-05-23,20.1,3.1,83,open-meteo-archive
2023-05-24,20.2,11.9,83,open-meteo-archive
2023-05-25,19,7.6,88,open-meteo-archive
2023-05-26,18.9,7,82,open-meteo-archive
2023-05-27,18.5,9.8,84,open-meteo-archive
2023-05-28,19.3,1.5,81,open-meteo-archive
2023-05-29,21.1,0.4,78,open-meteo-archive
2023-05-30,22.4,0,72,open-meteo-archive
2023-05-31,24,0,57,open-meteo-archive
2023-06-01,24.3,0,47,open-meteo-archive
2023-06-02,23.3,0,53,open-meteo-archive
2023-06-03,22.8,0,50,open-meteo-archive
2023-06-04,23.4,0,53,open-meteo-archive
2023-06-05,23,0,58,open-meteo-archive
2023-06-06,22.9,0.3,63,open-meteo-archive
2023-06-07,23.8,1.4,59,open-meteo-archive
2023-06-08,24.2,0.5,60,open-meteo-archive
2023-06-09,24.8,0,59,open-meteo-archive
2023-06-10,23.9,0.9,70,open-meteo-archive
2023-06-11,23.2,1.9,79,open-meteo-archive
2023-06-12,22.6,9.2,83,open-meteo-archive
2023-06-13,22.4,17.1,83,open-meteo-archive
2023-06-14,21.1,34.2,90,open-meteo-archive
2023-06-15,22.3,16.9,85,open-meteo-archive
2023-06-16,22.9,2.3,83,open-meteo-archive
2023-06-17,23.4,6.3,83,open-meteo-archive
2023-06-18,23.1,2.7,84,open-meteo-archive
2023-06-19,22.6,9.1,88,open-meteo-archive
2023-06-20,22.6,9.2,83,open-meteo-archive
2023-06-21,23.7,3.4,83,open-meteo-archive
2023-06-22,24.2,6.5,83,open-meteo-archive
2023-06-23,24.2,17.9,84,open-meteo-archive
2023-06-24,23.4,33.8,87,open-meteo-archive
2023-06-25,22.8,21.2,89,open-meteo-archive
2023-06-26,22.6,13.8,86,open-meteo-archive
2023-06-27,23,38.3,87,open-meteo-archive
2023-06-28,22.6,26.7,88,open-meteo-archive
2023-06-29,22.7,29.1,87,open-meteo-archive
2023-06-30,21.8,21.2,92,open-meteo-archive
2023-07-01,22,26.4,91,open-meteo-archive
2023-07-02,22.8,14.2,89,open-meteo-archive
2023-07-03,23,29,88,open-meteo-archive
2023-07-04,22.4,22.9,90,open-meteo-archive
2023-07-05,21.7,9.7,90,open-meteo-archive
2023-07-06,22.9,18.3,87,open-meteo-archive
2023-07-07,23.1,24.9,89,open-meteo-archive
2023-07-08,23.3,16.7,86,open-meteo-archive
2023-07-09,23.6,7.8,87,open-meteo-archive
2023-07-10,23.2,13.8,89,open-meteo-archive
2023-07-11,23.5,3.4,87,open-meteo-archive
2023-07-12,22.8,24.6,91,open-meteo-archive
2023-07-13,22.7,18.7,91,open-meteo-archive
2023-07-14,23,23.4,88,open-meteo-archive
2023-07-15,22.9,31.5,90,open-meteo-archive
2023-07-16,22.8,36.5,92,open-meteo-archive
2023-07-17,23.1,44.1,90,open-meteo-archive
2023-07-18,22.2,10.5,92,open-meteo-archive
2023-07-19,23.2,10.9,86,open-meteo-archive
2023-07-20,24.2,7.4,83,open-meteo-archive
2023-07-21,23.4,32.8,86,open-meteo-archive
2023-07-22,23.5,22,86,open-meteo-archive
2023-07-23,22.6,35.1,89,open-meteo-archive
2023-07-24,22.7,11.5,88,open-meteo-archive
2023-07-25,22.3,13,92,open-meteo-archive
2023-07-26,22.9,4.1,87,open-meteo-archive
2023-07-27,22.8,13.5,89,open-meteo-archive
2023-07-28,23.2,9.3,88,open-meteo-archive
2023-07-29,22.6,6.7,91,open-meteo-archive
2023-07-30,22.9,7.2,89,open-meteo-archive
2023-07-31,23.4,4.9,89,open-meteo-archive
2023-08-01,24.1,10.2,87,open-meteo-archive
2023-08-02,24.2,0.5,84,open-meteo-archive
2023-08-03,23.5,11.1,88,open-meteo-archive
2023-08-04,23.3,24.9,90,open-meteo-archive
2023-08-05,23,36.7,91,open-meteo-archive
2023-08-06,22.5,5,91,open-meteo-archive
2023-08-07,22.3,29,94,open-meteo-archive
2023-08-08,22.2,49.1,94,open-meteo-archive
2023-08-09,23.4,23.5,90,open-meteo-archive
2023-08-10,23.3,15.4,89,open-meteo-archive
2023-08-11,23.1,18.5,91,open-meteo-archive
2023-08-12,23.1,77.3,92,open-meteo-archive
2023-08-13,21.6,84,95,open-meteo-archive
2023-08-14,21.6,0.3,89,open-meteo-archive
2023-08-15,22.7,5.5,88,open-meteo-archive
2023-08-16,23.2,4.4,89,open-meteo-archive
2023-08-17,22.9,11,90,open-meteo-archive
2023-08-18,23.5,20.4,88,open-meteo-archive
2023-08-19,23.6,6.8,87,open-meteo-archive
2023-08-20,23.1,28.1,91,open-meteo-archive
2023-08-21,22.3,4.4,94,open-meteo-archive
2023-08-22,22.8,18.1,91,open-meteo-archive
2023-08-23,22.2,7.2,92,open-meteo-archive
2023-08-24,22.5,36.2,91,open-meteo-archive
2023-08-25,22,87.5,91,open-meteo-archive
2023-08-26,21.4,24.3,94,open-meteo-archive
2023-08-27,21.7,12.3,91,open-meteo-archive
2023-08-28,22.1,3.6,90,open-meteo-archive
2023-08-29,21.5,3.5,89,open-meteo-archive
2023-08-30,22.4,4.6,88,open-meteo-archive
2023-08-31,22.3,3.5,90,open-meteo-archive
2023-09-01,22.7,2.3,88,open-meteo-archive
2023-09-02,23.1,6.9,88,open-meteo-archive
2023-09-03,22.9,10.1,87,open-meteo-archive
2023-09-04,22.6,1.5,84,open-meteo-archive
2023-09-05,22.6,1,80,open-meteo-archive
2023-09-06,23.1,1.2,77,open-meteo-archive
2023-09-07,22.9,4.3,83,open-meteo-archive
2023-09-08,22.4,19.5,89,open-meteo-archive
2023-09-09,21.8,12,90,open-meteo-archive
2023-09-10,22.1,12.2,89,open-meteo-archive
2023-09-11,22.5,2.8,88,open-meteo-archive
2023-09-12,22.7,3,87,open-meteo-archive
2023-09-13,22.8,7.5,89,open-meteo-archive
2023-09-14,22.7,3.5,88,open-meteo-archive
2023-09-15,22.8,12.3,88,open-meteo-archive
2023-09-16,22.4,0.9,89,open-meteo-archive
2023-09-17,22,6.8,88,open-meteo-archive
2023-09-18,22.6,1.9,84,open-meteo-archive
2023-09-19,21.9,3.1,86,open-meteo-archive
2023-09-20,21.5,1.9,89,open-meteo-archive
2023-09-21,21.5,23.6,90,open-meteo-archive
2023-09-22,21,16.8,90,open-meteo-archive
2023-09-23,20.9,1.3,91,open-meteo-archive
2023-09-24,20.8,9.1,89,open-meteo-archive
2023-09-25,20.3,20.6,90,open-meteo-archive
2023-09-26,21,2.2,89,open-meteo-archive
2023-09-27,21.1,1.4,88,open-meteo-archive
2023-09-28,21.8,1.7,85,open-meteo-archive
2023-09-29,21.5,8.2,86,open-meteo-archive
2023-09-30,22.1,0.8,81,open-meteo-archive
2023-10-01,22,0,84,open-meteo-archive
2023-10-02,21,1.6,86,open-meteo-archive
2023-10-03,21.2,3.5,87,open-meteo-archive
2023-10-04,19.8,13.5,94,open-meteo-archive
2023-10-05,21.1,0,89,open-meteo-archive
2023-10-06,20.5,4.2,91,open-meteo-archive
2023-10-07,20.1,3.9,92,open-meteo-archive
2023-10-08,19.8,3.1,91,open-meteo-archive
2023-10-09,20.3,2.4,88,open-meteo-archive
2023-10-10,19.5,4.5,90,open-meteo-archive
2023-10-11,19,5.8,89,open-meteo-archive
2023-10-12,18.5,10.7,90,open-meteo-archive
2023-10-13,18.4,3.2,88,open-meteo-archive
2023-10-14,18,2.6,89,open-meteo-archive
2023-10-15,17.4,1.9,90,open-meteo-archive
2023-10-16,17.3,5,89,open-meteo-archive
2023-10-17,16.9,0.8,80,open-meteo-archive
2023-10-18,16.1,1,81,open-meteo-archive
2023-10-19,16.3,0.4,82,open-meteo-archive
2023-10-20,16.5,0.3,79,open-meteo-archive
2023-10-21,16.5,1.3,80,open-meteo-archive
2023-10-22,16.9,0,74,open-meteo-archive
2023-10-23,17.2,0,72,open-meteo-archive
2023-10-24,17,1.3,74,open-meteo-archive
2023-10-25,17.1,2.2,73,open-meteo-archive
2023-10-26,17.1,0.1,72,open-meteo-archive
2023-10-27,17.3,0.1,73,open-meteo-archive
2023-10-28,16.1,0,82,open-meteo-archive
2023-10-29,17.1,0.3,79,open-meteo-archive
2023-10-30,17.6,0.5,78,open-meteo-archive
2023-10-31,18.3,0.4,74,open-meteo-archive
2023-11-01,17.2,0,77,open-meteo-archive
2023-11-02,16.7,0,82,open-meteo-archive
2023-11-03,15.8,0.7,84,open-meteo-archive
2023-11-04,15.2,1.9,83,open-meteo-archive
2023-11-05,15.8,0.4,79,open-meteo-archive
2023-11-06,14.9,0.8,83,open-meteo-archive
2023-11-07,15.5,0,75,open-meteo-archive
2023-11-08,15.7,0,65,open-meteo-archive
2023-11-09,14.7,0,74,open-meteo-archive
2023-11-10,14.9,0,78,open-meteo-archive
2023-11-11,14.5,1.2,81,open-meteo-archive
2023-11-12,15.9,0.5,71,open-meteo-archive
2023-11-13,15.6,0,74,open-meteo-archive
2023-11-14,15.7,0,74,open-meteo-archive
2023-11-15,15.8,0,76,open-meteo-archive
2023-11-16,15.5,0.1,79,open-meteo-archive
2023-11-17,15.7,0,70,open-meteo-archive
2023-11-18,14.9,0,79,open-meteo-archive
2023-11-19,14.6,0,83,open-meteo-archive
2023-11-20,15.4,0,80,open-meteo-archive
2023-11-21,14.3,0,86,open-meteo-archive
2023-11-22,14,0,79,open-meteo-archive
2023-11-23,14.4,0.4,81,open-meteo-archive
2023-11-24,14.4,3.8,83,open-meteo-archive
2023-11-25,14.4,2,84,open-meteo-archive
2023-11-26,15.2,0,78,open-meteo-archive
2023-11-27,15.3,0,80,open-meteo-archive
2023-11-28,14.7,1.2,82,open-meteo-archive
2023-11-29,14.2,1.7,80,open-meteo-archive
2023-11-30,13.4,0,79,open-meteo-archive
2023-12-01,14,0.2,78,open-meteo-archive
2023-12-02,14.6,0,64,open-meteo-archive
2023-12-03,14.8,0,54,open-meteo-archive
2023-12-04,13.4,0,55,open-meteo-archive
2023-12-05,15.7,0,63,open-meteo-archive
2023-12-06,13.9,0,75,open-meteo-archive
2023-12-07,12.8,0.2,85,open-meteo-archive
2023-12-08,11.6,0,83,open-meteo-archive
2023-12-09,12,0,81,open-meteo-archive
2023-12-10,12.5,0,80,open-meteo-archive
2023-12-11,11.7,0,81,open-meteo-archive
2023-12-12,11.5,0.8,77,open-meteo-archive
2023-12-13,9.8,1.2,81,open-meteo-archive
2023-12-14,10.8,0,71,open-meteo-archive
2023-12-15,10.7,0,79,open-meteo-archive
2023-12-16,10.5,0,80,open-meteo-archive
2023-12-17,12.2,0,72,open-meteo-archive
2023-12-18,10.4,0,78,open-meteo-archive
2023-12-19,10.8,0,71,open-meteo-archive
2023-12-20,11.8,0,65,open-meteo-archive
2023-12-21,13.7,0,58,open-meteo-archive
2023-12-22,12.6,0,68,open-meteo-archive
2023-12-23,13.1,0,65,open-meteo-archive
2023-12-24,12.7,0,57,open-meteo-archive
2023-12-25,12.5,0,61,open-meteo-archive
2023-12-26,12.3,0,70,open-meteo-archive
2023-12-27,12.6,0,74,open-meteo-archive
2023-12-28,12.3,0,71,open-meteo-archive
2023-12-29,12.4,0,69,open-meteo-archive
2023-12-30,11.9,0.7,76,open-meteo-archive
2023-12-31,11.3,0,78,open-meteo-archive
2024-01-01,10.6,0,79,open-meteo-archive
2024-01-02,10.4,0.6,77,open-meteo-archive
2024-01-03,10.7,0,71,open-meteo-archive
2024-01-04,11.6,0,60,open-meteo-archive
2024-01-05,10.2,0,69,open-meteo-archive
2024-01-06,11.1,0,66,open-meteo-archive
2024-01-07,10.4,0,70,open-meteo-archive
2024-01-08,11.2,0,60,open-meteo-archive
2024-01-09,10.5,0,66,open-meteo-archive
2024-01-10,10.4,0,66,open-meteo-archive
2024-01-11,9.3,0,70,open-meteo-archive
2024-01-12,10.9,0,70,open-meteo-archive
2024-01-13,11.7,0,67,open-meteo-archive
2024-01-14,11.6,0,66,open-meteo-archive
2024-01-15,11.7,0,65,open-meteo-archive
2024-01-16,9.6,1.5,82,open-meteo-archive
2024-01-17,8.6,0.3,84,open-meteo-archive
2024-01-18,8.1,0.7,84,open-meteo-archive
2024-01-19,8.2,0,80,open-meteo-archive
2024-01-20,9.3,0,68,open-meteo-archive
2024-01-21,8,0,64,open-meteo-archive
2024-01-22,9.3,0,62,open-meteo-archive
2024-01-23,9.6,0.9,70,open-meteo-archive
2024-01-24,9,0.5,72,open-meteo-archive
2024-01-25,9.4,0.1,66,open-meteo-archive
2024-01-26,8.7,0,60,open-meteo-archive
2024-01-27,8.8,0,66,open-meteo-archive
2024-01-28,9.9,0,65,open-meteo-archive
2024-01-29,10.8,0,65,open-meteo-archive
2024-01-30,9.9,0.8,72,open-meteo-archive
2024-01-31,9.5,0,77,open-meteo-archive
2024-02-01,8.8,0,77,open-meteo-archive
2024-02-02,10,0,64,open-meteo-archive
2024-02-03,10.4,0,68,open-meteo-archive
2024-02-04,9.3,1.2,88,open-meteo-archive
2024-02-05,10,0,77,open-meteo-archive
2024-02-06,9.2,0,71,open-meteo-archive
2024-02-07,9.7,0,69,open-meteo-archive
2024-02-08,10,0,69,open-meteo-archive
2024-02-09,10.4,0,72,open-meteo-archive
2024-02-10,12.4,0,62,open-meteo-archive
2024-02-11,12.7,0.1,59,open-meteo-archive
2024-02-12,13,0,60,open-meteo-archive
2024-02-13,13.2,0,53,open-meteo-archive
2024-02-14,11.9,0.4,61,open-meteo-archive
2024-02-15,13.6,0,52,open-meteo-archive
2024-02-16,13.5,0,63,open-meteo-archive
2024-02-17,13.2,0,70,open-meteo-archive
2024-02-18,13,0,71,open-meteo-archive
2024-02-19,13.8,0,63,open-meteo-archive
2024-02-20,14.6,0.1,59,open-meteo-archive
2024-02-21,12.5,1.1,69,open-meteo-archive
2024-02-22,10.9,1,71,open-meteo-archive
2024-02-23,12.1,0,44,open-meteo-archive
2024-02-24,11,0.2,51,open-meteo-archive
2024-02-25,11.8,0,45,open-meteo-archive
2024-02-26,12.9,0,45,open-meteo-archive
2024-02-27,14,0,49,open-meteo-archive
2024-02-28,14.2,0,57,open-meteo-archive
2024-02-29,14.7,0,61,open-meteo-archive
2024-03-01,14,0,71,open-meteo-archive
2024-03-02,14.8,4,76,open-meteo-archive
2024-03-03,13.1,5.8,86,open-meteo-archive
2024-03-04,14.8,0,58,open-meteo-archive
2024-03-05,14.5,0,45,open-meteo-archive
2024-03-06,15.8,0,41,open-meteo-archive
2024-03-07,15.4,0,50,open-meteo-archive
2024-03-08,14.8,0,58,open-meteo-archive
2024-03-09,15.4,0,58,open-meteo-archive
2024-03-10,16.1,0,63,open-meteo-archive
2024-03-11,16.2,0,67,open-meteo-archive
2024-03-12,16.6,0,57,open-meteo-archive
2024-03-13,17,0,49,open-meteo-archive
2024-03-14,17.5,0,43,open-meteo-archive
2024-03-15,17,0,43,open-meteo-archive
2024-03-16,17.3,0,35,open-meteo-archive
2024-03-17,17,0,33,open-meteo-archive
2024-03-18,16.5,0,40,open-meteo-archive
2024-03-19,18,1.2,38,open-meteo-archive
2024-03-20,13.9,10.8,76,open-meteo-archive
2024-03-21,14.1,2.5,82,open-meteo-archive
2024-03-22,14.5,1.4,81,open-meteo-archive
2024-03-23,14.9,5.6,83,open-meteo-archive
2024-03-24,15.8,2.5,85,open-meteo-archive
2024-03-25,15.7,3,82,open-meteo-archive
2024-03-26,16.8,0.6,77,open-meteo-archive
2024-03-27,16.9,2.1,86,open-meteo-archive
2024-03-28,17.1,1.7,87,open-meteo-archive
2024-03-29,17.5,2.1,85,open-meteo-archive
2024-03-30,18.6,0.7,76,open-meteo-archive
2024-03-31,18.3,0,67,open-meteo-archive
2024-04-01,19.4,0,58,open-meteo-archive
2024-04-02,20.2,0,56,open-meteo-archive
2024-04-03,20.1,0,52,open-meteo-archive
2024-04-04,21.2,0,45,open-meteo-archive
2024-04-05,21.1,0,47,open-meteo-archive
2024-04-06,20.5,0,43,open-meteo-archive
2024-04-07,20.1,0,44,open-meteo-archive
2024-04-08,20.1,0,34,open-meteo-archive
2024-04-09,19.5,0,35,open-meteo-archive
2024-04-10,20,0,32,open-meteo-archive
2024-04-11,19,0.5,47,open-meteo-archive
2024-04-12,19.6,0.1,49,open-meteo-archive
2024-04-13,20.6,0,47,open-meteo-archive
2024-04-14,22,0,44,open-meteo-archive
2024-04-15,22.3,0,49,open-meteo-archive
2024-04-16,22.2,0.2,54,open-meteo-archive
2024-04-17,22,0,52,open-meteo-archive
2024-04-18,22.1,0,58,open-meteo-archive
2024-04-19,22,0,57,open-meteo-archive
2024-04-20,22.8,0,39,open-meteo-archive
2024-04-21,23.4,0,32,open-meteo-archive
2024-04-22,23.1,0,36,open-meteo-archive
2024-04-23,23.1,0,34,open-meteo-archive
2024-04-24,22.4,0,34,open-meteo-archive
2024-04-25,22.8,0,33,open-meteo-archive
2024-04-26,23.8,0,33,open-meteo-archive
2024-04-27,23.8,0,39,open-meteo-archive
2024-04-28,23.4,0,35,open-meteo-archive
2024-04-29,24.3,0,31,open-meteo-archive
2024-04-30,23.9,0,32,open-meteo-archive
2024-05-01,22.4,0,24,open-meteo-archive
2024-05-02,21.9,0,27,open-meteo-archive
2024-05-03,23.1,0,32,open-meteo-archive
2024-05-04,22.7,0,37,open-meteo-archive
2024-05-05,22.8,0,44,open-meteo-archive
2024-05-06,22.3,0,57,open-meteo-archive
2024-05-07,18.4,16,83,open-meteo-archive
2024-05-08,17.8,10.8,86,open-meteo-archive
2024-05-09,19,6,80,open-meteo-archive
2024-05-10,19.6,4.2,78,open-meteo-archive
2024-05-11,19.7,5.3,83,open-meteo-archive
2024-05-12,18.9,14.3,88,open-meteo-archive
2024-05-13,19.7,4.9,83,open-meteo-archive
2024-05-14,21.3,0.4,76,open-meteo-archive
2024-05-15,22,0.2,72,open-meteo-archive
2024-05-16,22.8,0,55,open-meteo-archive
2024-05-17,23.7,0,54,open-meteo-archive
2024-05-18,23.6,5,66,open-meteo-archive
2024-05-19,22.5,1.9,72,open-meteo-archive
2024-05-20,22,1.8,77,open-meteo-archive
2024-05-21,22.1,1.4,79,open-meteo-archive
2024-05-22,21.6,3.4,84,open-meteo-archive
2024-05-23,22.1,1,79,open-meteo-archive
2024-05-24,23.3,4.9,76,open-meteo-archive
2024-05-25,23.7,2.9,80,open-meteo-archive
2024-05-26,23.3,3.5,83,open-meteo-archive
2024-05-27,23.4,4.4,85,open-meteo-archive
2024-05-28,21.7,15.5,90,open-meteo-archive
2024-05-29,23.5,4.1,75,open-meteo-archive
2024-05-30,25.3,0.2,66,open-meteo-archive
2024-05-31,24.1,0,74,open-meteo-archive
2024-06-01,22.4,7.4,80,open-meteo-archive
2024-06-02,23.1,1.3,75,open-meteo-archive
2024-06-03,22.8,2.3,77,open-meteo-archive
2024-06-04,22.8,6.3,79,open-meteo-archive
2024-06-05,22.1,6.2,82,open-meteo-archive
2024-06-06,23.2,6.2,81,open-meteo-archive
2024-06-07,21.6,3.3,86,open-meteo-archive
2024-06-08,23.1,1.1,79,open-meteo-archive
2024-06-09,24.5,0,73,open-meteo-archive
2024-06-10,24.9,0,73,open-meteo-archive
2024-06-11,24.3,1.1,80,open-meteo-archive
2024-06-12,25,0.5,75,open-meteo-archive
2024-06-13,24.3,13.5,80,open-meteo-archive
2024-06-14,23.9,12.3,82,open-meteo-archive
2024-06-15,24.5,10.2,80,open-meteo-archive
2024-06-16,23.8,16,87,open-meteo-archive
2024-06-17,23.2,10.7,89,open-meteo-archive
2024-06-18,23.1,19.9,89,open-meteo-archive
2024-06-19,22.3,26.9,89,open-meteo-archive
2024-06-20,23.4,12.5,83,open-meteo-archive
2024-06-21,22.9,3.3,86,open-meteo-archive
2024-06-22,22.9,12.3,87,open-meteo-archive
2024-06-23,23.4,6.5,87,open-meteo-archive
2024-06-24,24.1,2.8,86,open-meteo-archive
2024-06-25,23.9,42.2,87,open-meteo-archive
2024-06-26,23.1,29.2,88,open-meteo-archive
2024-06-27,23.6,8.6,87,open-meteo-archive
2024-06-28,23.6,16.2,88,open-meteo-archive
2024-06-29,23.2,12.7,88,open-meteo-archive
2024-06-30,23.2,12.2,87,open-meteo-archive
2024-07-01,23.4,19.9,90,open-meteo-archive
2024-07-02,23.3,47.9,89,open-meteo-archive
2024-07-03,22.5,23.5,91,open-meteo-archive
2024-07-04,23.3,25.9,89,open-meteo-archive
2024-07-05,22.5,32.5,92,open-meteo-archive
2024-07-06,21.2,59.8,96,open-meteo-archive
2024-07-07,22.6,9.3,89,open-meteo-archive
2024-07-08,23,5.3,89,open-meteo-archive
2024-07-09,23.4,10.8,88,open-meteo-archive
2024-07-10,23.3,14.2,90,open-meteo-archive
2024-07-11,23.4,109.9,89,open-meteo-archive
2024-07-12,22.3,89.7,92,open-meteo-archive
2024-07-13,23.4,7.3,88,open-meteo-archive
2024-07-14,24.2,27.2,87,open-meteo-archive
2024-07-15,24.3,13.5,88,open-meteo-archive
2024-07-16,23.6,38,89,open-meteo-archive
2024-07-17,23.1,17.4,91,open-meteo-archive
2024-07-18,23.7,15.1,88,open-meteo-archive
2024-07-19,23.4,14.8,91,open-meteo-archive
2024-07-20,24,31.2,88,open-meteo-archive
2024-07-21,23.2,8.3,92,open-meteo-archive
2024-07-22,23.3,10.4,91,open-meteo-archive
2024-07-23,23.3,13.1,90,open-meteo-archive
2024-07-24,23.3,38.2,92,open-meteo-archive
2024-07-25,23.9,29.9,90,open-meteo-archive
2024-07-26,23.8,15.4,90,open-meteo-archive
2024-07-27,25,1.6,84,open-meteo-archive
2024-07-28,24.6,31.8,88,open-meteo-archive
2024-07-29,24.8,15,86,open-meteo-archive
2024-07-30,24.4,13.9,87,open-meteo-archive
2024-07-31,24.1,12,87,open-meteo-archive
2024-08-01,23.6,21.1,88,open-meteo-archive
2024-08-02,22.7,26.3,90,open-meteo-archive
2024-08-03,22.9,10.2,87,open-meteo-archive
2024-08-04,23,16.3,88,open-meteo-archive
2024-08-05,22.9,44.1,91,open-meteo-archive
2024-08-06,22.1,70.1,93,open-meteo-archive
2024-08-07,22.4,22.4,91,open-meteo-archive
2024-08-08,22.8,47.8,90,open-meteo-archive
2024-08-09,22.4,37.7,92,open-meteo-archive
2024-08-10,22.3,49.2,92,open-meteo-archive
2024-08-11,22,18.4,92,open-meteo-archive
2024-08-12,22.8,63.7,90,open-meteo-archive
2024-08-13,23,31.4,91,open-meteo-archive
2024-08-14,22.8,8.9,91,open-meteo-archive
2024-08-15,23.7,19.3,86,open-meteo-archive
2024-08-16,23.1,5.2,87,open-meteo-archive
2024-08-17,23.2,18.4,86,open-meteo-archive
2024-08-18,23.2,5.1,86,open-meteo-archive
2024-08-19,23,4.7,86,open-meteo-archive
2024-08-20,21.5,16.8,91,open-meteo-archive
2024-08-21,21.7,8.1,91,open-meteo-archive
2024-08-22,21.8,8.1,91,open-meteo-archive
2024-08-23,22.4,24.9,89,open-meteo-archive
2024-08-24,22.7,10.4,87,open-meteo-archive
2024-08-25,22.8,2.3,85,open-meteo-archive
2024-08-26,21.9,3.7,87,open-meteo-archive
2024-08-27,22.1,2,88,open-meteo-archive
2024-08-28,22.4,6,88,open-meteo-archive
2024-08-29,22.2,10.8,88,open-meteo-archive
2024-08-30,23,8,85,open-meteo-archive
2024-08-31,24,6.6,83,open-meteo-archive
2024-09-01,21.5,22.2,92,open-meteo-archive
2024-09-02,22,3.9,89,open-meteo-archive
2024-09-03,22,7.3,89,open-meteo-archive
2024-09-04,21.8,5.2,90,open-meteo-archive
2024-09-05,22.5,21.9,86,open-meteo-archive
2024-09-06,22,14.4,90,open-meteo-archive
2024-09-07,22.8,12.4,87,open-meteo-archive
2024-09-08,23.5,1.5,82,open-meteo-archive
2024-09-09,22.5,8.7,88,open-meteo-archive
2024-09-10,22.9,2.9,86,open-meteo-archive
2024-09-11,22.9,19.3,87,open-meteo-archive
2024-09-12,22.2,18.7,89,open-meteo-archive
2024-09-13,22.3,9.7,88,open-meteo-archive
2024-09-14,21.4,13.9,89,open-meteo-archive
2024-09-15,21.4,3.9,89,open-meteo-archive
2024-09-16,21.6,1.3,86,open-meteo-archive
2024-09-17,21.3,9.6,89,open-meteo-archive
2024-09-18,22.7,2,87,open-meteo-archive
2024-09-19,23.1,1.8,85,open-meteo-archive
2024-09-20,23.1,9.7,87,open-meteo-archive
2024-09-21,22.6,1.8,86,open-meteo-archive
2024-09-22,24.4,0.7,80,open-meteo-archive
2024-09-23,23.6,1.5,83,open-meteo-archive
2024-09-24,22.9,7.1,87,open-meteo-archive
2024-09-25,21.7,6.2,92,open-meteo-archive
2024-09-26,20.9,77,91,open-meteo-archive
2024-09-27,19.2,174.2,94,open-meteo-archive
2024-09-28,18.7,79.8,95,open-meteo-archive
2024-09-29,20.8,2,91,open-meteo-archive
2024-09-30,21.4,1.6,91,open-meteo-archive
2024-10-01,22.2,2.4,89,open-meteo-archive
2024-10-02,21.8,11.6,90,open-meteo-archive
2024-10-03,20.8,8.8,92,open-meteo-archive
2024-10-04,20.8,2.1,92,open-meteo-archive
2024-10-05,20.4,4,91,open-meteo-archive
2024-10-06,20.3,2.7,89,open-meteo-archive
2024-10-07,20.5,0,88,open-meteo-archive
2024-10-08,20.1,0,87,open-meteo-archive
2024-10-09,19.6,0,88,open-meteo-archive
2024-10-10,19.8,0,85,open-meteo-archive
2024-10-11,19.9,0,85,open-meteo-archive
2024-10-12,19,0,81,open-meteo-archive
2024-10-13,19.1,0,81,open-meteo-archive
2024-10-14,18.8,0.5,89,open-meteo-archive
2024-10-15,17.9,2.3,90,open-meteo-archive
2024-10-16,18.5,1.6,87,open-meteo-archive
2024-10-17,17.6,1.9,91,open-meteo-archive
2024-10-18,17.6,1.8,89,open-meteo-archive
2024-10-19,17.8,0.9,85,open-meteo-archive
2024-10-20,17.2,5.2,89,open-meteo-archive
2024-10-21,17.1,5.3,84,open-meteo-archive
2024-10-22,18.3,2.6,76,open-meteo-archive
2024-10-23,19.6,0,70,open-meteo-archive
2024-10-24,19.8,0.1,80,open-meteo-archive
2024-10-25,18.4,0.1,86,open-meteo-archive
2024-10-26,18.4,0.1,83,open-meteo-archive
2024-10-27,19.4,0.7,77,open-meteo-archive
2024-10-28,18.4,0,80,open-meteo-archive
2024-10-29,18.6,0,82,open-meteo-archive
2024-10-30,18.2,1.4,87,open-meteo-archive
2024-10-31,18.2,0.7,85,open-meteo-archive
2024-11-01,18.6,2.5,84,open-meteo-archive
2024-11-02,18,1.9,86,open-meteo-archive
2024-11-03,17.9,0.5,88,open-meteo-archive
2024-11-04,16.3,6.1,90,open-meteo-archive
2024-11-05,16.5,0.2,79,open-meteo-archive
2024-11-06,18.4,0,59,open-meteo-archive
2024-11-07,16.7,0,68,open-meteo-archive
2024-11-08,16.9,0,78,open-meteo-archive
2024-11-09,16.2,0,84,open-meteo-archive
2024-11-10,16.8,0.7,81,open-meteo-archive
2024-11-11,16.5,0,80,open-meteo-archive
2024-11-12,16.2,0.2,80,open-meteo-archive
2024-11-13,17.1,0.1,78,open-meteo-archive
2024-11-14,16.3,0,81,open-meteo-archive
2024-11-15,16.1,0,81,open-meteo-archive
2024-11-16,16.6,0,79,open-meteo-archive
2024-11-17,16,0,78,open-meteo-archive
2024-11-18,15.5,0,74,open-meteo-archive
2024-11-19,15.6,0,73,open-meteo-archive
2024-11-20,15.1,1.1,73,open-meteo-archive
2024-11-21,14.2,2.2,78,open-meteo-archive
2024-11-22,14,0.7,78,open-meteo-archive
2024-11-23,13.8,0,76,open-meteo-archive
2024-11-24,13.6,0,77,open-meteo-archive
2024-11-25,15,0,72,open-meteo-archive
2024-11-26,14.5,0.4,80,open-meteo-archive
2024-11-27,13.4,1,79,open-meteo-archive
2024-11-28,14.1,0.2,68,open-meteo-archive
2024-11-29,14.4,0,68,open-meteo-archive
2024-11-30,13.7,0,76,open-meteo-archive
2024-12-01,13.5,0,76,open-meteo-archive
2024-12-02,14.2,0,70,open-meteo-archive
2024-12-03,14.1,0,67,open-meteo-archive
2024-12-04,13.5,0,72,open-meteo-archive
2024-12-05,13.5,0,78,open-meteo-archive
2024-12-06,13,0,84,open-meteo-archive
2024-12-07,12.9,0,84,open-meteo-archive
2024-12-08,11.5,0.2,84,open-meteo-archive
2024-12-09,10.4,0.2,78,open-meteo-archive
2024-12-10,10.4,0,62,open-meteo-archive
2024-12-11,11.1,0,65,open-meteo-archive
2024-12-12,11.9,0,60,open-meteo-archive
2024-12-13,11.9,0,55,open-meteo-archive
2024-12-14,10.8,0,65,open-meteo-archive
2024-12-15,11.9,0,68,open-meteo-archive
2024-12-16,12.8,0,64,open-meteo-archive
2024-12-17,12.6,0,65,open-meteo-archive
2024-12-18,11.9,0,65,open-meteo-archive
2024-12-19,11.4,0,70,open-meteo-archive
2024-12-20,11.8,0,66,open-meteo-archive
2024-12-21,11.4,0,66,open-meteo-archive
2024-12-22,10.5,0,70,open-meteo-archive
2024-12-23,10.6,0,73,open-meteo-archive
2024-12-24,10.9,0.1,71,open-meteo-archive
2024-12-25,12.7,0.1,60,open-meteo-archive
2024-12-26,11.6,0,62,open-meteo-archive
2024-12-27,11.6,0,70,open-meteo-archive
2024-12-28,11.2,5.4,80,open-meteo-archive
2024-12-29,12.5,0.4,70,open-meteo-archive
2024-12-30,11.1,0,75,open-meteo-archive
2024-12-31,11.4,0,73,open-meteo-archive
2025-01-01,11.7,0,74,open-meteo-archive
2025-01-02,12,0,75,open-meteo-archive
2025-01-03,12.3,0,73,open-meteo-archive
2025-01-04,12.2,0,75,open-meteo-archive
2025-01-05,11.9,0,81,open-meteo-archive
2025-01-06,12.1,0,81,open-meteo-archive
2025-01-07,9.4,5.2,88,open-meteo-archive
2025-01-08,9.1,0,83,open-meteo-archive
2025-01-09,8.9,0,85,open-meteo-archive
2025-01-10,9.6,0,82,open-meteo-archive
2025-01-11,10.9,0,81,open-meteo-archive
2025-01-12,11.2,1.2,77,open-meteo-archive
2025-01-13,11.2,0.1,63,open-meteo-archive
2025-01-14,10.7,0,68,open-meteo-archive
2025-01-15,10.9,0,74,open-meteo-archive
2025-01-16,12.1,0,72,open-meteo-archive
2025-01-17,12.3,0,61,open-meteo-archive
2025-01-18,12.3,0,57,open-meteo-archive
2025-01-19,13.2,0,58,open-meteo-archive
2025-01-20,13.9,0,61,open-meteo-archive
2025-01-21,14.9,0,57,open-meteo-archive
2025-01-22,15,0,53,open-meteo-archive
2025-01-23,14.8,0,53,open-meteo-archive
2025-01-24,12.4,0,56,open-meteo-archive
2025-01-25,11.5,0,74,open-meteo-archive
2025-01-26,12.1,0,79,open-meteo-archive
2025-01-27,12.9,0,76,open-meteo-archive
2025-01-28,13.2,0.2,77,open-meteo-archive
2025-01-29,12.1,0,82,open-meteo-archive
2025-01-30,12.3,0,77,open-meteo-archive
2025-01-31,12.6,0,69,open-meteo-archive
2025-02-01,13.6,0,56,open-meteo-archive
2025-02-02,13.3,0,46,open-meteo-archive
2025-02-03,12.8,0,66,open-meteo-archive
2025-02-04,14.4,0,65,open-meteo-archive
2025-02-05,15.2,0,65,open-meteo-archive
2025-02-06,14.4,0,54,open-meteo-archive
2025-02-07,13.8,0,54,open-meteo-archive
2025-02-08,12.7,0,71,open-meteo-archive
2025-02-09,12.5,0,80,open-meteo-archive
2025-02-10,13.7,0,68,open-meteo-archive
2025-02-11,13.8,0,66,open-meteo-archive
2025-02-12,13.6,0,67,open-meteo-archive
2025-02-13,12.8,0,71,open-meteo-archive
2025-02-14,12.6,0,78,open-meteo-archive
2025-02-15,12.4,0.2,75,open-meteo-archive
2025-02-16,12.8,0,71,open-meteo-archive
2025-02-17,12.3,0.2,77,open-meteo-archive
2025-02-18,12.3,3.3,79,open-meteo-archive
2025-02-19,13.7,0,67,open-meteo-archive
2025-02-20,14.2,0.4,66,open-meteo-archive
2025-02-21,13.5,0.6,67,open-meteo-archive
2025-02-22,14.4,0.2,59,open-meteo-archive
2025-02-23,13.2,0,64,open-meteo-archive
2025-02-24,12.6,3.4,71,open-meteo-archive
2025-02-25,14.5,0,64,open-meteo-archive
2025-02-26,15.2,0,69,open-meteo-archive
2025-02-27,14.6,0,78,open-meteo-archive
2025-02-28,13.5,1.1,78,open-meteo-archive
2025-03-01,14.4,0,67,open-meteo-archive
2025-03-02,15.6,0,59,open-meteo-archive
2025-03-03,16.3,0,61,open-meteo-archive
2025-03-04,16,0,59,open-meteo-archive
2025-03-05,15.2,0,66,open-meteo-archive
2025-03-06,15.7,0.1,73,open-meteo-archive
2025-03-07,14.1,11.1,86,open-meteo-archive
2025-03-08,13.8,2.5,79,open-meteo-archive
2025-03-09,14.8,2,78,open-meteo-archive
2025-03-10,15.4,0.9,81,open-meteo-archive
2025-03-11,15.5,1.2,82,open-meteo-archive
2025-03-12,15.6,1.3,83,open-meteo-archive
2025-03-13,14.6,2.3,83,open-meteo-archive
2025-03-14,17.7,0,58,open-meteo-archive
2025-03-15,18.5,0,56,open-meteo-archive
2025-03-16,17.3,1.8,61,open-meteo-archive
2025-03-17,17.6,0,50,open-meteo-archive
2025-03-18,17.4,0,52,open-meteo-archive
2025-03-19,19.1,0,50,open-meteo-archive
2025-03-20,19.3,0.2,46,open-meteo-archive
2025-03-21,16.8,1.4,62,open-meteo-archive
2025-03-22,16,2,62,open-meteo-archive
2025-03-23,16.5,0,53,open-meteo-archive
2025-03-24,17.8,0,52,open-meteo-archive
2025-03-25,19.6,0,50,open-meteo-archive
2025-03-26,20.6,0,53,open-meteo-archive
2025-03-27,21.8,0,55,open-meteo-archive
2025-03-28,21.9,0,51,open-meteo-archive
2025-03-29,22.5,0,42,open-meteo-archive
2025-03-30,22.1,0,41,open-meteo-archive
2025-03-31,21.6,0,42,open-meteo-archive
2025-04-01,21.5,0,35,open-meteo-archive
2025-04-02,21.8,0,31,open-meteo-archive
2025-04-03,22.1,0,24,open-meteo-archive
2025-04-04,21.8,0,23,open-meteo-archive
2025-04-05,22.3,0,26,open-meteo-archive
2025-04-06,22.6,0,34,open-meteo-archive
2025-04-07,21.8,0,51,open-meteo-archive
2025-04-08,19.6,3.8,71,open-meteo-archive
2025-04-09,20.3,5.2,71,open-meteo-archive
2025-04-10,17.1,15.7,89,open-meteo-archive
2025-04-11,16.6,9.9,87,open-meteo-archive
2025-04-12,18.6,2.2,71,open-meteo-archive
2025-04-13,18.6,1.8,73,open-meteo-archive
2025-04-14,18,3.4,73,open-meteo-archive
2025-04-15,18.6,6.6,76,open-meteo-archive
2025-04-16,19.7,0.7,71,open-meteo-archive
2025-04-17,18.1,14.5,86,open-meteo-archive
2025-04-18,19.4,2.2,82,open-meteo-archive
2025-04-19,18.7,6.5,87,open-meteo-archive
2025-04-20,20.9,0.4,72,open-meteo-archive
2025-04-21,22.1,0,67,open-meteo-archive
2025-04-22,23,0,61,open-meteo-archive
2025-04-23,22.9,0,55,open-meteo-archive
2025-04-24,22.8,0,52,open-meteo-archive
2025-04-25,22.6,0,45,open-meteo-archive
2025-04-26,22.8,0,42,open-meteo-archive
2025-04-27,20.5,2.3,64,open-meteo-archive
2025-04-28,17,4.1,82,open-meteo-archive
2025-04-29,18.1,0.4,78,open-meteo-archive
2025-04-30,18.4,4.3,79,open-meteo-archive
2025-05-01,18,13.5,78,open-meteo-archive
2025-05-02,18.5,3.2,76,open-meteo-archive
2025-05-03,19.1,1.6,78,open-meteo-archive
2025-05-04,18.5,9.1,82,open-meteo-archive
2025-05-05,19,5.1,82,open-meteo-archive
2025-05-06,17.7,9.4,88,open-meteo-archive
2025-05-07,19.8,0.3,78,open-meteo-archive
2025-05-08,21.8,0,67,open-meteo-archive
2025-05-09,22.5,0,64,open-meteo-archive
2025-05-10,23.3,1.1,61,open-meteo-archive
2025-05-11,21.3,8.8,78,open-meteo-archive
2025-05-12,21.9,1.2,79,open-meteo-archive
2025-05-13,22.4,0.4,73,open-meteo-archive
2025-05-14,22.3,0.7,73,open-meteo-archive
2025-05-15,23.6,0.6,62,open-meteo-archive
2025-05-16,22.2,6.8,72,open-meteo-archive
2025-05-17,20.8,16,80,open-meteo-archive
2025-05-18,20.2,25.1,86,open-meteo-archive
2025-05-19,20.4,15.2,88,open-meteo-archive
2025-05-20,20.8,15.2,87,open-meteo-archive
2025-05-21,20.6,19.8,86,open-meteo-archive
2025-05-22,21.2,2,84,open-meteo-archive
2025-05-23,20.8,12.4,85,open-meteo-archive
2025-05-24,20.5,12.4,87,open-meteo-archive
2025-05-25,21.7,2.9,84,open-meteo-archive
2025-05-26,21.8,8.4,85,open-meteo-archive
2025-05-27,22.2,2.8,85,open-meteo-archive
2025-05-28,22.5,7.6,86,open-meteo-archive
2025-05-29,22.8,4.1,85,open-meteo-archive
2025-05-30,22.8,2.5,83,open-meteo-archive
2025-05-31,23,0.7,79,open-meteo-archive
2025-06-01,22.1,9.6,78,open-meteo-archive
2025-06-02,21.1,2.2,77,open-meteo-archive
2025-06-03,21.1,2.3,77,open-meteo-archive
2025-06-04,19.6,11.6,86,open-meteo-archive
2025-06-05,20.1,8.8,81,open-meteo-archive
2025-06-06,20.8,0.6,76,open-meteo-archive
2025-06-07,22,2.1,78,open-meteo-archive
2025-06-08,22.9,0,78,open-meteo-archive
2025-06-09,24,0,78,open-meteo-archive
2025-06-10,24.3,2,80,open-meteo-archive
2025-06-11,23.3,6.5,85,open-meteo-archive
2025-06-12,23,2.6,87,open-meteo-archive
2025-06-13,22.9,5.2,88,open-meteo-archive
2025-06-14,23.3,3.9,85,open-meteo-archive
2025-06-15,22.9,7.4,87,open-meteo-archive
2025-06-16,23,27.9,87,open-meteo-archive
2025-06-17,22.8,10,88,open-meteo-archive
2025-06-18,22.5,8.8,91,open-meteo-archive
2025-06-19,22.9,61.8,90,open-meteo-archive
2025-06-20,22.9,9.5,88,open-meteo-archive
2025-06-21,23.9,10.8,86,open-meteo-archive
2025-06-22,23.3,13.7,88,open-meteo-archive
2025-06-23,22.6,23.5,90,open-meteo-archive
2025-06-24,22.9,31.1,92,open-meteo-archive
2025-06-25,23.2,16.7,88,open-meteo-archive
2025-06-26,23.3,22.4,88,open-meteo-archive
2025-06-27,23.1,27.9,89,open-meteo-archive
2025-06-28,22.8,11.1,91,open-meteo-archive
2025-06-29,22.2,20.9,92,open-meteo-archive
2025-06-30,22.1,6,91,open-meteo-archive
2025-07-01,22.8,31.1,89,open-meteo-archive
2025-07-02,22.8,40.9,91,open-meteo-archive
2025-07-03,22.7,34.3,90,open-meteo-archive
2025-07-04,22.4,31.5,91,open-meteo-archive
2025-07-05,22.7,4.1,89,open-meteo-archive
2025-07-06,23,11.3,86,open-meteo-archive
2025-07-07,23.2,0.4,86,open-meteo-archive
2025-07-08,22.8,8.5,88,open-meteo-archive
2025-07-09,21.9,18.5,92,open-meteo-archive
2025-07-10,22.9,1.3,86,open-meteo-archive
2025-07-11,22.5,15.6,89,open-meteo-archive
2025-07-12,23.2,44.6,88,open-meteo-archive
2025-07-13,23.3,26,88,open-meteo-archive
2025-07-14,22.8,12.3,88,open-meteo-archive
2025-07-15,22.5,9.6,88,open-meteo-archive
2025-07-16,22.8,9.5,87,open-meteo-archive
2025-07-17,22.7,9.5,88,open-meteo-archive
2025-07-18,23.5,4.9,88,open-meteo-archive
2025-07-19,24.4,6.2,86,open-meteo-archive
2025-07-20,22.6,4.6,89,open-meteo-archive
2025-07-21,23.6,2.6,88,open-meteo-archive
2025-07-22,23.4,5.4,89,open-meteo-archive
2025-07-23,23.4,12.6,90,open-meteo-archive
2025-07-24,23.9,12.4,89,open-meteo-archive
2025-07-25,23.8,1.8,88,open-meteo-archive
2025-07-26,23.4,67.9,91,open-meteo-archive
2025-07-27,23.8,52,89,open-meteo-archive
2025-07-28,22.4,43.8,96,open-meteo-archive
2025-07-29,22.1,20.3,94,open-meteo-archive
2025-07-30,22.7,42.2,92,open-meteo-archive
2025-07-31,22.7,9.8,92,open-meteo-archive
2025-08-01,23.1,4.3,90,open-meteo-archive
2025-08-02,23.2,20.6,90,open-meteo-archive
2025-08-03,22,34.3,96,open-meteo-archive
2025-08-04,22.4,12,92,open-meteo-archive
2025-08-05,20.7,22.5,93,open-meteo-archive
2025-08-06,22.4,2.2,88,open-meteo-archive
2025-08-07,23.3,13.3,89,open-meteo-archive
2025-08-08,22.6,15.7,92,open-meteo-archive
2025-08-09,22.3,23.1,94,open-meteo-archive
2025-08-10,22.6,5.1,93,open-meteo-archive
2025-08-11,22.6,7.8,93,open-meteo-archive
2025-08-12,23.8,5.4,89,open-meteo-archive
2025-08-13,22.3,50.2,96,open-meteo-archive
2025-08-14,21.3,15.8,93,open-meteo-archive
2025-08-15,22.4,4.7,89,open-meteo-archive
2025-08-16,22.5,18.2,90,open-meteo-archive
2025-08-17,22.5,41.6,91,open-meteo-archive
2025-08-18,22.3,18.6,89,open-meteo-archive
2025-08-19,22.5,16.5,89,open-meteo-archive
2025-08-20,22.3,16.3,90,open-meteo-archive
2025-08-21,22.3,5.6,90,open-meteo-archive
2025-08-22,22.2,34.5,91,open-meteo-archive
2025-08-23,22.3,15.1,89,open-meteo-archive
2025-08-24,22.5,7.6,89,open-meteo-archive
2025-08-25,21.8,32.7,90,open-meteo-archive
2025-08-26,22.2,6.6,90,open-meteo-archive
2025-08-27,22.5,14.6,90,open-meteo-archive
2025-08-28,21.8,24.9,92,open-meteo-archive
2025-08-29,21.9,6.7,92,open-meteo-archive
2025-08-30,21.8,20.9,92,open-meteo-archive
2025-08-31,21.6,23.8,91,open-meteo-archive
2025-09-01,21.6,16.4,88,open-meteo-archive
2025-09-02,22,2.2,89,open-meteo-archive
2025-09-03,22.3,12.1,88,open-meteo-archive
2025-09-04,22.4,8.8,87,open-meteo-archive
2025-09-05,22.4,5.5,89,open-meteo-archive
2025-09-06,21.8,4.4,92,open-meteo-archive
2025-09-07,22,4.5,89,open-meteo-archive
2025-09-08,21.9,2.7,90,open-meteo-archive
2025-09-09,22,4.4,89,open-meteo-archive
2025-09-10,22.2,5.3,90,open-meteo-archive
2025-09-11,22.2,22.3,92,open-meteo-archive
2025-09-12,22,19,92,open-meteo-archive
2025-09-13,21.8,3.8,93,open-meteo-archive
2025-09-14,21.8,32.5,91,open-meteo-archive
2025-09-15,21.4,28,93,open-meteo-archive
2025-09-16,21.1,26.1,94,open-meteo-archive
2025-09-17,21,16.5,92,open-meteo-archive
2025-09-18,20.9,15,93,open-meteo-archive
2025-09-19,21.4,6.8,90,open-meteo-archive
2025-09-20,21.3,2.9,91,open-meteo-archive
2025-09-21,21.5,6.9,90,open-meteo-archive
2025-09-22,22.3,2,89,open-meteo-archive
2025-09-23,22.3,5.1,89,open-meteo-archive
2025-09-24,21.9,1.5,90,open-meteo-archive
2025-09-25,21.8,1.3,88,open-meteo-archive
2025-09-26,22.7,5.4,85,open-meteo-archive
2025-09-27,22,3.5,88,open-meteo-archive
2025-09-28,21.7,6.2,89,open-meteo-archive
2025-09-29,21.3,11.1,91,open-meteo-archive
2025-09-30,21.2,3.7,88,open-meteo-archive
2025-10-01,21.4,39.8,87,open-meteo-archive
2025-10-02,20.2,0.9,93,open-meteo-archive
2025-10-03,21.3,10.8,88,open-meteo-archive
2025-10-04,17.8,98.2,98,open-meteo-archive
2025-10-05,20,1.7,88,open-meteo-archive
2025-10-06,20.1,2.5,88,open-meteo-archive
2025-10-07,19.5,4.8,90,open-meteo-archive
2025-10-08,19.5,3.9,88,open-meteo-archive
2025-10-09,19.6,0,85,open-meteo-archive
2025-10-10,19.5,0,74,open-meteo-archive
2025-10-11,19.3,0,70,open-meteo-archive
2025-10-12,19.1,0,73,open-meteo-archive
2025-10-13,19.2,0,69,open-meteo-archive
2025-10-14,19.3,0.5,76,open-meteo-archive
2025-10-15,19.5,0.3,73,open-meteo-archive
2025-10-16,19.9,0.5,73,open-meteo-archive
2025-10-17,19.3,1.1,81,open-meteo-archive
2025-10-18,19.7,0.1,77,open-meteo-archive
2025-10-19,19.6,0.2,77,open-meteo-archive
2025-10-20,19.8,0,69,open-meteo-archive
2025-10-21,20.3,0,63,open-meteo-archive
2025-10-22,20.3,0,70,open-meteo-archive
2025-10-23,19.5,2,72,open-meteo-archive
2025-10-24,19.8,0,68,open-meteo-archive
2025-10-25,19.3,0,61,open-meteo-archive
2025-10-26,19,0,50,open-meteo-archive
2025-10-27,18.9,0,65,open-meteo-archive
2025-10-28,15.2,8.9,94,open-meteo-archive
2025-10-29,17.8,1.1,90,open-meteo-archive
2025-10-30,17.6,17.2,92,open-meteo-archive
2025-10-31,17.7,12.4,96,open-meteo-archive
2025-11-01,17.9,5.6,94,open-meteo-archive
2025-11-02,18.1,1.1,89,open-meteo-archive
2025-11-03,18.8,0.2,82,open-meteo-archive
2025-11-04,18.1,1.1,89,open-meteo-archive
2025-11-05,17.9,0.3,82,open-meteo-archive
2025-11-06,18,0,74,open-meteo-archive
2025-11-07,17,0,78,open-meteo-archive
2025-11-08,16.8,0,76,open-meteo-archive
2025-11-09,16.6,0,74,open-meteo-archive
2025-11-10,15.7,0,77,open-meteo-archive
2025-11-11,14.8,0,78,open-meteo-archive
2025-11-12,15.2,0,81,open-meteo-archive
2025-11-13,15,0,84,open-meteo-archive
2025-11-14,14,0,82,open-meteo-archive
2025-11-15,14.3,0,83,open-meteo-archive
2025-11-16,14,0,83,open-meteo-archive
2025-11-17,14.7,0,75,open-meteo-archive
2025-11-18,15.4,0,76,open-meteo-archive
2025-11-19,14.8,0.4,83,open-meteo-archive
2025-11-20,14.1,0.8,84,open-meteo-archive
2025-11-21,13,0.1,86,open-meteo-archive
2025-11-22,13.1,0,81,open-meteo-archive
2025-11-23,12.7,0,79,open-meteo-archive
2025-11-24,12.4,0,79,open-meteo-archive
2025-11-25,12.8,0,73,open-meteo-archive
2025-11-26,13,0,72,open-meteo-archive
2025-11-27,14.5,0,67,open-meteo-archive
2025-11-28,14.3,0,64,open-meteo-archive
2025-11-29,13.6,0,67,open-meteo-archive
2025-11-30,13,0,76,open-meteo-archive
2025-12-01,12.9,0,83,open-meteo-archive
2025-12-02,12.3,0,83,open-meteo-archive
2025-12-03,12.4,0,81,open-meteo-archive
2025-12-04,12.1,0,79,open-meteo-archive
2025-12-05,11.7,0,83,open-meteo-archive
2025-12-06,12.4,0,79,open-meteo-archive
2025-12-07,12.5,0,82,open-meteo-archive
2025-12-08,12.3,0,81,open-meteo-archive
2025-12-09,12.2,0,80,open-meteo-archive
2025-12-10,12,0,76,open-meteo-archive
2025-12-11,12.9,0,70,open-meteo-archive
2025-12-12,12.4,0,70,open-meteo-archive
2025-12-13,12.7,0,74,open-meteo-archive
2025-12-14,13.1,0,73,open-meteo-archive
2025-12-15,12.5,0,70,open-meteo-archive
2025-12-16,12.3,0,71,open-meteo-archive
2025-12-17,11.9,0,69,open-meteo-archive
2025-12-18,12.4,0,70,open-meteo-archive
2025-12-19,11.7,0,73,open-meteo-archive
2025-12-20,11.5,0,80,open-meteo-archive
2025-12-21,12.3,0,79,open-meteo-archive
2025-12-22,11.7,0,80,open-meteo-archive
2025-12-23,10.9,0,83,open-meteo-archive
2025-12-24,10.4,0,85,open-meteo-archive
2025-12-25,10.6,0,86,open-meteo-archive
2025-12-26,10.5,0,84,open-meteo-archive
2025-12-27,10.3,0,85,open-meteo-archive
2025-12-28,10,0,86,open-meteo-archive
2025-12-29,9.9,0,88,open-meteo-archive
2025-12-30,9.8,0,86,open-meteo-archive
2025-12-31,10.2,0,84,open-meteo-archive
2026-01-01,10.8,0,79,open-meteo-archive
2026-01-02,9.7,0.3,84,open-meteo-archive
2026-01-03,9.4,0.1,81,open-meteo-archive
2026-01-04,9.1,0,79,open-meteo-archive
2026-01-05,8.9,0,75,open-meteo-archive
2026-01-06,9.2,0,68,open-meteo-archive
2026-01-07,9.2,0,63,open-meteo-archive
2026-01-08,9.4,0,66,open-meteo-archive
2026-01-09,9.7,0,62,open-meteo-archive
2026-01-10,9.5,0,66,open-meteo-archive
2026-01-11,9.3,0,64,open-meteo-archive
2026-01-12,10.1,0,60,open-meteo-archive
2026-01-13,11.6,0,56,open-meteo-archive
2026-01-14,11.2,0,65,open-meteo-archive
2026-01-15,11,0,68,open-meteo-archive
2026-01-16,11.3,0,64,open-meteo-archive
2026-01-17,11.5,0,68,open-meteo-archive
2026-01-18,11.8,0,70,open-meteo-archive
2026-01-19,12.4,0,61,open-meteo-archive
2026-01-20,11.3,0,59,open-meteo-archive
2026-01-21,10.5,0,64,open-meteo-archive
2026-01-22,11.2,0,73,open-meteo-archive
2026-01-23,11.9,0,73,open-meteo-archive
2026-01-24,11.4,0,71,open-meteo-archive
2026-01-25,12.2,0,60,open-meteo-archive
2026-01-26,11.7,0,57,open-meteo-archive
2026-01-27,12.3,0,65,open-meteo-archive
2026-01-28,9.9,3,86,open-meteo-archive
2026-01-29,12.2,0,71,open-meteo-archive
2026-01-30,12.2,0,74,open-meteo-archive
2026-01-31,11.7,0,81,open-meteo-archive
2026-02-01,12.6,0,76,open-meteo-archive
2026-02-02,13.5,0,72,open-meteo-archive
2026-02-03,13.1,0.3,70,open-meteo-archive
2026-02-04,13.1,0,65,open-meteo-archive
2026-02-05,12.9,0,62,open-meteo-archive
2026-02-06,11.9,0,75,open-meteo-archive
2026-02-07,13,0,75,open-meteo-archive
2026-02-08,13.1,0.3,71,open-meteo-archive
2026-02-09,13.2,0,72,open-meteo-archive
2026-02-10,14.3,0.1,65,open-meteo-archive
2026-02-11,14.5,0.1,64,open-meteo-archive
2026-02-12,14.5,0,63,open-meteo-archive
2026-02-13,14.3,0,72,open-meteo-archive
2026-02-14,14.2,0.3,74,open-meteo-archive
2026-02-15,14.4,0.5,65,open-meteo-archive
2026-02-16,14.6,0,66,open-meteo-archive
2026-02-17,15.5,0,66,open-meteo-archive
2026-02-18,16.3,0,67,open-meteo-archive
2026-02-19,16.1,0.4,70,open-meteo-archive
2026-02-20,16.6,0.2,47,open-meteo-archive
2026-02-21,16.3,0,47,open-meteo-archive
2026-02-22,15.2,1.4,65,open-meteo-archive
2026-02-23,15,0,72,open-meteo-archive
2026-02-24,12.6,12.2,85,open-meteo-archive
2026-02-25,13.4,0.4,76,open-meteo-archive
2026-02-26,14,0.3,81,open-meteo-archive
2026-02-27,13.8,1,83,open-meteo-archive
2026-02-28,14.6,0.1,74,open-meteo-archive
2026-03-01,16,0,59,open-meteo-archive
2026-03-02,16.2,0,64,open-meteo-archive
2026-03-03,16.2,0.2,74,open-meteo-archive
2026-03-04,17.6,0.1,72,open-meteo-archive
2026-03-05,18.8,0,67,open-meteo-archive
2026-03-06,18.4,0.6,71,open-meteo-archive
2026-03-07,17.8,1,77,open-meteo-archive
2026-03-08,17.4,2.2,80,open-meteo-archive
2026-03-09,16.6,9.7,87,open-meteo-archive
2026-03-10,18,1.9,80,open-meteo-archive
2026-03-11,17.9,4.8,83,open-meteo-archive
2026-03-12,16.7,4.4,88,open-meteo-archive
2026-03-13,16.5,4.6,84,open-meteo-archive
2026-03-14,17.5,0.3,71,open-meteo-archive
2026-03-15,15.9,0,65,open-meteo-archive
2026-03-16,15.4,0,56,open-meteo-archive
2026-03-17,16.6,0,50,open-meteo-archive
2026-03-18,17.7,0,48,open-meteo-archive
2026-03-19,18.2,0,49,open-meteo-archive
2026-03-20,16.8,2.7,71,open-meteo-archive
2026-03-21,11.6,20.8,93,open-meteo-archive
2026-03-22,13.6,6.1,84,open-meteo-archive
2026-03-23,14.8,9.9,82,open-meteo-archive
2026-03-24,14.7,1.1,79,open-meteo-archive
2026-03-25,16.1,0,78,open-meteo-archive
2026-03-26,15.9,5.9,85,open-meteo-archive
2026-03-27,15.1,14.4,87,open-meteo-archive
2026-03-28,15.3,3.4,86,open-meteo-archive
2026-03-29,16.4,1.5,84,open-meteo-archive
2026-03-30,17,2,86,open-meteo-archive
2026-03-31,16.2,7.2,89,open-meteo-archive
2026-04-01,18.4,0,71,open-meteo-archive
2026-04-02,20,0,67,open-meteo-archive
2026-04-03,20.8,0,65,open-meteo-archive
2026-04-04,20.8,0.4,65,open-meteo-archive
2026-04-05,18.3,7.4,67,open-meteo-archive
2026-04-06,14.9,9.6,80,open-meteo-archive
2026-04-07,16.5,0.1,61,open-meteo-archive
2026-04-08,13.8,15.6,85,open-meteo-archive
2026-04-09,14,1.7,81,open-meteo-archive
2026-04-10,16.4,0,65,open-meteo-archive
2026-04-11,17.5,0,67,open-meteo-archive
2026-04-12,17.5,0.5,67,open-meteo-archive
2026-04-13,18.8,0,63,open-meteo-archive
2026-04-14,18.8,0.1,68,open-meteo-archive
2026-04-15,19.7,0.1,64,open-meteo-archive
2026-04-16,20.2,0.1,66,open-meteo-archive
2026-04-17,19.9,1.9,73,open-meteo-archive
2026-04-18,20,1.5,79,open-meteo-archive
2026-04-19,20.2,1.1,79,open-meteo-archive
2026-04-20,21.7,0,61,open-meteo-archive
2026-04-21,22.3,0,50,open-meteo-archive
2026-04-22,22.4,0,53,open-meteo-archive
2026-04-23,23.2,0,63,open-meteo-archive
2026-04-24,22.4,0,68,open-meteo-archive
2026-04-25,20.4,3.6,77,open-meteo-archive
2026-04-26,18.9,6.9,86,open-meteo-archive
2026-04-27,20.1,4,85,open-meteo-archive
2026-04-28,19.3,11.6,87,open-meteo-archive
2026-04-29,18.2,40.4,85,open-meteo-archive
2026-04-30,16.5,23.3,88,open-meteo-archive
2026-05-01,16.8,10.1,88,open-meteo-archive
2026-05-02,17.4,5.3,85,open-meteo-archive
2026-05-03,17.9,16.4,86,open-meteo-archive
2026-05-04,17.4,12.6,85,open-meteo-archive
2026-05-05,18.2,5.1,79,open-meteo-archive
2026-05-06,17.3,9.3,84,open-meteo-archive
2026-05-07,16.5,6.5,82,open-meteo-archive
2026-05-08,16.7,9.6,81,open-meteo-archive
2026-05-09,17.7,5.7,80,open-meteo-archive
2026-05-10,18.8,4.3,79,open-meteo-archive
2026-05-11,19.4,1.3,79,open-meteo-archive
2026-05-12,19.1,10.1,87,open-meteo-archive
2026-05-13,19.5,6.9,86,open-meteo-archive
2026-05-14,19.6,3.3,86,open-meteo-archive
2026-05-15,21.3,5.9,83,open-meteo-archive
2026-05-16,20.5,4.4,85,open-meteo-archive
2026-05-17,21.4,2.8,81,open-meteo-archive
2026-05-18,22.3,6.2,78,open-meteo-archive
2026-05-19,22.8,3.3,84,open-meteo-archive
2026-05-20,22.4,4.5,87,open-meteo-archive
2026-05-21,22.5,6.2,86,open-meteo-archive
2026-05-22,22.4,5.6,87,open-meteo-archive
2026-05-23,22.3,5.9,79,open-meteo-archive
2026-05-24,22.1,8.4,77,open-meteo-archive
2026-05-25,20.8,12,83,open-meteo-archive
2026-05-26,21.1,7.6,78,open-meteo-archive
2026-05-27,20.3,10.7,82,open-meteo-archive
2026-05-28,20.3,14.9,82,open-meteo-archive
2026-05-29,20.1,4.1,85,open-meteo-archive
2026-05-30,19.9,5.1,85,open-meteo-archive
2026-05-31,20.8,7.5,83,open-meteo-archive
2026-06-01,21.8,11.5,82,open-meteo-archive
2026-06-02,22.3,7.4,81,open-meteo-archive